time_s,unit,isaac_d20_requested_right_elbow_pitch_joint,isaac_d20_effective_right_elbow_pitch_joint,mujoco_d20_requested_right_elbow_pitch_joint,mujoco_d20_effective_right_elbow_pitch_joint,isaac_d20_requested_right_hip_pitch_joint,isaac_d20_effective_right_hip_pitch_joint,mujoco_d20_requested_right_hip_pitch_joint,mujoco_d20_effective_right_hip_pitch_joint,isaac_d20_requested_waist_yaw_joint,isaac_d20_effective_waist_yaw_joint,mujoco_d20_requested_waist_yaw_joint,mujoco_d20_effective_waist_yaw_joint
0.00,rad,-0.575508,-0.575508,-0.575508,-0.575508,0.586256,0.586256,0.586256,0.586256,-0.051170,-0.051170,-0.051170,-0.051170
0.02,rad,-0.700146,-0.575508,-0.487360,-0.575508,0.701810,0.586256,0.746812,0.586256,-0.053797,-0.051170,-0.048710,-0.051170
0.04,rad,-0.335215,-0.700146,-0.210210,-0.487360,0.718404,0.701810,0.777916,0.746812,-0.061316,-0.053797,-0.046361,-0.048710
0.06,rad,0.083916,-0.335215,0.097298,-0.210210,0.662838,0.718404,0.713918,0.777916,-0.063541,-0.061316,-0.050806,-0.046361
0.08,rad,0.063105,0.083916,-0.083091,0.097298,0.391913,0.662838,0.541840,0.713918,-0.073090,-0.063541,-0.063751,-0.050806
0.10,rad,-0.167776,0.063105,-0.419031,-0.083091,0.203235,0.391913,0.401420,0.541840,-0.072008,-0.073090,-0.076315,-0.063751
0.12,rad,-0.150042,-0.167776,-0.343280,-0.419031,0.170329,0.203235,0.351489,0.401420,-0.073780,-0.072008,-0.094175,-0.076315
0.14,rad,-0.028229,-0.150042,-0.114926,-0.343280,0.254947,0.170329,0.225286,0.351489,-0.061143,-0.073780,-0.091526,-0.094175
0.16,rad,0.027518,-0.028229,-0.041374,-0.114926,0.237675,0.254947,0.020880,0.225286,-0.041271,-0.061143,-0.074427,-0.091526
0.18,rad,0.016853,0.027518,-0.046657,-0.041374,0.179613,0.237675,-0.088225,0.020880,-0.024507,-0.041271,-0.054203,-0.074427
0.20,rad,-0.015722,0.016853,-0.031782,-0.046657,0.294118,0.179613,-0.007612,-0.088225,-0.013170,-0.024507,-0.036075,-0.054203
0.22,rad,-0.033950,-0.015722,-0.002329,-0.031782,0.387637,0.294118,0.126328,-0.007612,-0.001099,-0.013170,-0.024158,-0.036075
0.24,rad,-0.105881,-0.033950,-0.060092,-0.002329,0.415311,0.387637,0.067716,0.126328,0.011280,-0.001099,-0.012760,-0.024158
0.26,rad,-0.147322,-0.105881,-0.153296,-0.060092,0.417886,0.415311,0.181754,0.067716,0.016916,0.011280,0.004019,-0.012760
0.28,rad,-0.174375,-0.147322,-0.181621,-0.153296,0.407986,0.417886,0.369012,0.181754,0.017521,0.016916,0.017755,0.004019
0.30,rad,-0.178375,-0.174375,-0.190079,-0.181621,0.364757,0.407986,0.578519,0.369012,0.015140,0.017521,0.032470,0.017755
0.32,rad,-0.146079,-0.178375,-0.198292,-0.190079,0.318472,0.364757,0.634440,0.578519,0.012479,0.015140,0.039937,0.032470
0.34,rad,-0.096284,-0.146079,-0.162205,-0.198292,0.305831,0.318472,0.583082,0.634440,0.008945,0.012479,0.035119,0.039937
0.36,rad,-0.080405,-0.096284,-0.157414,-0.162205,0.338357,0.305831,0.588493,0.583082,0.003259,0.008945,0.022918,0.035119
0.38,rad,-0.101000,-0.080405,-0.162953,-0.157414,0.382867,0.338357,0.626201,0.588493,0.000043,0.003259,0.007205,0.022918
0.40,rad,-0.111884,-0.101000,-0.114145,-0.162953,0.411088,0.382867,0.627133,0.626201,-0.001608,0.000043,-0.011097,0.007205
0.42,rad,-0.100007,-0.111884,-0.091837,-0.114145,0.417184,0.411088,0.606977,0.627133,-0.003276,-0.001608,-0.021751,-0.011097
0.44,rad,-0.091239,-0.100007,-0.091658,-0.091837,0.421593,0.417184,0.591641,0.606977,-0.006636,-0.003276,-0.025165,-0.021751
0.46,rad,-0.084768,-0.091239,-0.076814,-0.091658,0.425345,0.421593,0.572195,0.591641,-0.012749,-0.006636,-0.026571,-0.025165
0.48,rad,-0.070341,-0.084768,-0.056790,-0.076814,0.417675,0.425345,0.510086,0.572195,-0.020049,-0.012749,-0.029319,-0.026571
0.50,rad,-0.045713,-0.070341,-0.056324,-0.056790,0.390415,0.417675,0.429024,0.510086,-0.027632,-0.020049,-0.033447,-0.029319
0.52,rad,-0.040644,-0.045713,-0.074427,-0.056324,0.384506,0.390415,0.329184,0.429024,-0.034322,-0.027632,-0.037502,-0.033447
0.54,rad,-0.041162,-0.040644,-0.102266,-0.074427,0.379041,0.384506,0.271403,0.329184,-0.033512,-0.034322,-0.039043,-0.037502
0.56,rad,-0.040624,-0.041162,-0.127469,-0.102266,0.384927,0.379041,0.259737,0.271403,-0.030367,-0.033512,-0.035118,-0.039043
0.58,rad,-0.032382,-0.040624,-0.131276,-0.127469,0.396116,0.384927,0.284124,0.259737,-0.026380,-0.030367,-0.027546,-0.035118
0.60,rad,-0.038004,-0.032382,-0.130543,-0.131276,0.426640,0.396116,0.353622,0.284124,-0.021712,-0.026380,-0.019454,-0.027546
0.62,rad,-0.041301,-0.038004,-0.128753,-0.130543,0.443115,0.426640,0.426815,0.353622,-0.018123,-0.021712,-0.014601,-0.019454
0.64,rad,-0.035825,-0.041301,-0.119151,-0.128753,0.452251,0.443115,0.442204,0.426815,-0.015832,-0.018123,-0.013885,-0.014601
0.66,rad,-0.023302,-0.035825,-0.107079,-0.119151,0.453613,0.452251,0.421421,0.442204,-0.014975,-0.015832,-0.016767,-0.013885
0.68,rad,-0.014242,-0.023302,-0.080846,-0.107079,0.439833,0.453613,0.371426,0.421421,-0.014490,-0.014975,-0.022330,-0.016767
0.70,rad,-0.003267,-0.014242,-0.061728,-0.080846,0.419061,0.439833,0.328507,0.371426,-0.015537,-0.014490,-0.028959,-0.022330
0.72,rad,0.007412,-0.003267,-0.060157,-0.061728,0.400649,0.419061,0.314823,0.328507,-0.017987,-0.015537,-0.034375,-0.028959
0.74,rad,0.010864,0.007412,-0.037883,-0.060157,0.381316,0.400649,0.321625,0.314823,-0.020476,-0.017987,-0.036845,-0.034375
0.76,rad,0.031825,0.010864,0.001411,-0.037883,0.373297,0.381316,0.336453,0.321625,-0.023187,-0.020476,-0.037776,-0.036845
0.78,rad,0.048479,0.031825,0.012710,0.001411,0.372514,0.373297,0.357668,0.336453,-0.025632,-0.023187,-0.036227,-0.037776
0.80,rad,0.048403,0.048479,0.009038,0.012710,0.380773,0.372514,0.385431,0.357668,-0.027630,-0.025632,-0.032888,-0.036227
0.82,rad,0.046177,0.048403,0.007186,0.009038,0.387935,0.380773,0.403446,0.385431,-0.029544,-0.027630,-0.030371,-0.032888
0.84,rad,0.046389,0.046177,0.000393,0.007186,0.392368,0.387935,0.408561,0.403446,-0.030662,-0.029544,-0.030402,-0.030371
0.86,rad,0.044516,0.046389,-0.013067,0.000393,0.394806,0.392368,0.408779,0.408561,-0.031571,-0.030662,-0.032325,-0.030402
0.88,rad,0.039218,0.044516,-0.033038,-0.013067,0.388783,0.394806,0.411780,0.408779,-0.033994,-0.031571,-0.036026,-0.032325
0.90,rad,0.037991,0.039218,-0.059119,-0.033038,0.389842,0.388783,0.418811,0.411780,-0.036405,-0.033994,-0.038738,-0.036026
0.92,rad,0.019962,0.037991,-0.078156,-0.059119,0.396836,0.389842,0.424700,0.418811,-0.035469,-0.036405,-0.038872,-0.038738
0.94,rad,0.006694,0.019962,-0.092297,-0.078156,0.406901,0.396836,0.428144,0.424700,-0.034006,-0.035469,-0.038753,-0.038872
0.96,rad,-0.007134,0.006694,-0.087771,-0.092297,0.419403,0.406901,0.432821,0.428144,-0.032178,-0.034006,-0.039952,-0.038753
0.98,rad,-0.007242,-0.007134,-0.079084,-0.087771,0.429683,0.419403,0.437207,0.432821,-0.030399,-0.032178,-0.040326,-0.039952
1.00,rad,-0.006415,-0.007242,-0.063446,-0.079084,0.434713,0.429683,0.439997,0.437207,-0.029011,-0.030399,-0.038954,-0.040326
1.02,rad,-0.001077,-0.006415,-0.046685,-0.063446,0.431656,0.434713,0.439596,0.439997,-0.028473,-0.029011,-0.036080,-0.038954
1.04,rad,0.010247,-0.001077,-0.033000,-0.046685,0.420300,0.431656,0.430883,0.439596,-0.028773,-0.028473,-0.032372,-0.036080
1.06,rad,0.022599,0.010247,-0.018633,-0.033000,0.411430,0.420300,0.405837,0.430883,-0.029648,-0.028773,-0.029153,-0.032372
1.08,rad,0.028668,0.022599,-0.000566,-0.018633,0.405601,0.411430,0.386320,0.405837,-0.030657,-0.029648,-0.027506,-0.029153
1.10,rad,0.039871,0.028668,0.013485,-0.000566,0.407275,0.405601,0.374901,0.386320,-0.032035,-0.030657,-0.026210,-0.027506
1.12,rad,0.049489,0.039871,0.024999,0.013485,0.410063,0.407275,0.361147,0.374901,-0.033791,-0.032035,-0.026150,-0.026210
1.14,rad,0.050824,0.049489,0.027311,0.024999,0.413195,0.410063,0.343995,0.361147,-0.035701,-0.033791,-0.027257,-0.026150
1.16,rad,0.051115,0.050824,0.018703,0.027311,0.412236,0.413195,0.338951,0.343995,-0.038128,-0.035701,-0.027896,-0.027257
1.18,rad,0.049651,0.051115,0.006085,0.018703,0.410926,0.412236,0.344186,0.338951,-0.040197,-0.038128,-0.027990,-0.027896
1.20,rad,0.045287,0.049651,-0.004774,0.006085,0.410507,0.410926,0.364226,0.344186,-0.041352,-0.040197,-0.027034,-0.027990
1.22,rad,0.037582,0.045287,-0.012659,-0.004774,0.415396,0.410507,0.406191,0.364226,-0.041571,-0.041352,-0.024409,-0.027034
1.24,rad,0.025749,0.037582,-0.031407,-0.012659,0.423061,0.415396,0.450606,0.406191,-0.040701,-0.041571,-0.019377,-0.024409
1.26,rad,0.015145,0.025749,-0.057461,-0.031407,0.431802,0.423061,0.470328,0.450606,-0.039489,-0.040701,-0.015315,-0.019377
1.28,rad,0.007884,0.015145,-0.087931,-0.057461,0.439611,0.431802,0.479654,0.470328,-0.038222,-0.039489,-0.014512,-0.015315
1.30,rad,0.008142,0.007884,-0.111326,-0.087931,0.445085,0.439611,0.482258,0.479654,-0.037279,-0.038222,-0.016723,-0.014512
1.32,rad,0.011764,0.008142,-0.118356,-0.111326,0.448327,0.445085,0.463148,0.482258,-0.037014,-0.037279,-0.022888,-0.016723
1.34,rad,0.015521,0.011764,-0.106244,-0.118356,0.449233,0.448327,0.444059,0.463148,-0.037494,-0.037014,-0.028922,-0.022888
1.36,rad,0.019034,0.015521,-0.087842,-0.106244,0.449935,0.449233,0.441250,0.444059,-0.038366,-0.037494,-0.031951,-0.028922
1.38,rad,0.022404,0.019034,-0.061154,-0.087842,0.451177,0.449935,0.431593,0.441250,-0.039232,-0.038366,-0.032972,-0.031951
1.40,rad,0.024626,0.022404,-0.035071,-0.061154,0.452886,0.451177,0.426736,0.431593,-0.039897,-0.039232,-0.033623,-0.032972
1.42,rad,0.025744,0.024626,-0.023195,-0.035071,0.454267,0.452886,0.438195,0.426736,-0.040458,-0.039897,-0.034203,-0.033623
1.44,rad,0.026133,0.025744,-0.022983,-0.023195,0.455468,0.454267,0.453316,0.438195,-0.040957,-0.040458,-0.035105,-0.034203
1.46,rad,0.026095,0.026133,-0.018148,-0.022983,0.456586,0.455468,0.462000,0.453316,-0.041353,-0.040957,-0.037272,-0.035105
1.48,rad,0.025719,0.026095,-0.023832,-0.018148,0.457622,0.456586,0.468521,0.462000,-0.041579,-0.041353,-0.038903,-0.037272
1.50,rad,0.024908,0.025719,-0.034426,-0.023832,0.458482,0.457622,0.470100,0.468521,-0.041663,-0.041579,-0.039893,-0.038903
1.52,rad,0.023724,0.024908,-0.040501,-0.034426,0.459334,0.458482,0.469364,0.470100,-0.041614,-0.041663,-0.040268,-0.039893
1.54,rad,0.022625,0.023724,-0.043136,-0.040501,0.460211,0.459334,0.471094,0.469364,-0.041462,-0.041614,-0.039860,-0.040268
1.56,rad,0.022028,0.022625,-0.043806,-0.043136,0.461348,0.460211,0.474441,0.471094,-0.041236,-0.041462,-0.038698,-0.039860
1.58,rad,0.021769,0.022028,-0.042652,-0.043806,0.462538,0.461348,0.476561,0.474441,-0.040982,-0.041236,-0.037142,-0.038698
1.60,rad,0.021413,0.021769,-0.042874,-0.042652,0.463608,0.462538,0.480894,0.476561,-0.040757,-0.040982,-0.035352,-0.037142
1.62,rad,0.020699,0.021413,-0.047699,-0.042874,0.464360,0.463608,0.485877,0.480894,-0.040534,-0.040757,-0.033338,-0.035352
1.64,rad,0.019971,0.020699,-0.050634,-0.047699,0.464562,0.464360,0.490044,0.485877,-0.040287,-0.040534,-0.031832,-0.033338
1.66,rad,0.019572,0.019971,-0.051752,-0.050634,0.464060,0.464562,0.493685,0.490044,-0.040002,-0.040287,-0.030849,-0.031832
1.68,rad,0.019298,0.019572,-0.051136,-0.051752,0.463133,0.464060,0.497264,0.493685,-0.039684,-0.040002,-0.030385,-0.030849
1.70,rad,0.018389,0.019298,-0.053409,-0.051136,0.461836,0.463133,0.499753,0.497264,-0.039383,-0.039684,-0.030197,-0.030385
1.72,rad,0.017235,0.018389,-0.057545,-0.053409,0.460456,0.461836,0.502076,0.499753,-0.039156,-0.039383,-0.029933,-0.030197
1.74,rad,0.016199,0.017235,-0.060993,-0.057545,0.459190,0.460456,0.505757,0.502076,-0.039004,-0.039156,-0.029588,-0.029933
1.76,rad,0.014900,0.016199,-0.062826,-0.060993,0.458490,0.459190,0.509061,0.505757,-0.038920,-0.039004,-0.029361,-0.029588
1.78,rad,0.013573,0.014900,-0.065332,-0.062826,0.458009,0.458490,0.513429,0.509061,-0.038917,-0.038920,-0.029185,-0.029361
1.80,rad,0.012337,0.013573,-0.067635,-0.065332,0.457658,0.458009,0.518067,0.513429,-0.038907,-0.038917,-0.028945,-0.029185
1.82,rad,0.011268,0.012337,-0.066355,-0.067635,0.457212,0.457658,0.521531,0.518067,-0.038848,-0.038907,-0.028735,-0.028945
1.84,rad,0.010711,0.011268,-0.064128,-0.066355,0.456379,0.457212,0.523120,0.521531,-0.038805,-0.038848,-0.028671,-0.028735
1.86,rad,0.010703,0.010711,-0.063193,-0.064128,0.454884,0.456379,0.525410,0.523120,-0.038802,-0.038805,-0.028451,-0.028671
1.88,rad,0.010892,0.010703,-0.061844,-0.063193,0.452820,0.454884,0.527817,0.525410,-0.038841,-0.038802,-0.028345,-0.028451
1.90,rad,0.010866,0.010892,-0.058836,-0.061844,0.450424,0.452820,0.528380,0.527817,-0.038949,-0.038841,-0.028424,-0.028345
1.92,rad,0.011201,0.010866,-0.057713,-0.058836,0.447798,0.450424,0.528256,0.528380,-0.039122,-0.038949,-0.028381,-0.028424
1.94,rad,0.012329,0.011201,-0.055437,-0.057713,0.445328,0.447798,0.526928,0.528256,-0.039299,-0.039122,-0.028205,-0.028381
1.96,rad,0.013836,0.012329,-0.054588,-0.055437,0.443337,0.445328,0.524524,0.526928,-0.039422,-0.039299,-0.027847,-0.028205
1.98,rad,0.014847,0.013836,-0.051711,-0.054588,0.442020,0.443337,0.522191,0.524524,-0.039500,-0.039422,-0.027515,-0.027847
2.00,rad,0.014536,0.014847,-0.052342,-0.051711,0.441630,0.442020,0.520471,0.522191,-0.039556,-0.039500,-0.027158,-0.027515
2.02,rad,0.013155,0.014536,-0.052084,-0.052342,0.441812,0.441630,0.519919,0.520471,-0.039657,-0.039556,-0.026908,-0.027158
2.04,rad,0.011782,0.013155,-0.053231,-0.052084,0.441897,0.441812,0.517559,0.519919,-0.039795,-0.039657,-0.026595,-0.026908
2.06,rad,0.010565,0.011782,-0.054074,-0.053231,0.441466,0.441897,0.514621,0.517559,-0.039954,-0.039795,-0.026292,-0.026595
2.08,rad,0.009564,0.010565,-0.056399,-0.054074,0.440687,0.441466,0.512260,0.514621,-0.040116,-0.039954,-0.025831,-0.026292
2.10,rad,0.009486,0.009564,-0.058781,-0.056399,0.439828,0.440687,0.511644,0.512260,-0.040310,-0.040116,-0.025462,-0.025831
2.12,rad,0.010281,0.009486,-0.059382,-0.058781,0.439156,0.439828,0.507916,0.511644,-0.040585,-0.040310,-0.025191,-0.025462
2.14,rad,0.010615,0.010281,-0.060475,-0.059382,0.438931,0.439156,0.503184,0.507916,-0.040944,-0.040585,-0.025221,-0.025191
2.16,rad,0.010437,0.010615,-0.062744,-0.060475,0.438982,0.438931,0.500330,0.503184,-0.041316,-0.040944,-0.025067,-0.025221
2.18,rad,0.010143,0.010437,-0.065639,-0.062744,0.439183,0.438982,0.497685,0.500330,-0.041637,-0.041316,-0.024968,-0.025067
2.20,rad,0.010225,0.010143,-0.065805,-0.065639,0.439316,0.439183,0.494325,0.497685,-0.041911,-0.041637,-0.025019,-0.024968
2.22,rad,0.010328,0.010225,-0.067210,-0.065805,0.439461,0.439316,0.490829,0.494325,-0.042115,-0.041911,-0.025009,-0.025019
2.24,rad,0.010114,0.010328,-0.068670,-0.067210,0.439880,0.439461,0.487999,0.490829,-0.042322,-0.042115,-0.025067,-0.025009
2.26,rad,0.009553,0.010114,-0.070092,-0.068670,0.440778,0.439880,0.485463,0.487999,-0.042535,-0.042322,-0.025126,-0.025067
2.28,rad,0.008801,0.009553,-0.071556,-0.070092,0.441929,0.440778,0.483385,0.485463,-0.042734,-0.042535,-0.025261,-0.025126
2.30,rad,0.008261,0.008801,-0.072873,-0.071556,0.443438,0.441929,0.482190,0.483385,-0.042955,-0.042734,-0.025520,-0.025261
2.32,rad,0.007908,0.008261,-0.072245,-0.072873,0.445117,0.443438,0.480873,0.482190,-0.043214,-0.042955,-0.025610,-0.025520
2.34,rad,0.007388,0.007908,-0.075141,-0.072245,0.446796,0.445117,0.480551,0.480873,-0.043517,-0.043214,-0.025866,-0.025610
2.36,rad,0.006720,0.007388,-0.075514,-0.075141,0.448423,0.446796,0.480601,0.480551,-0.043853,-0.043517,-0.026039,-0.025866
2.38,rad,0.006079,0.006720,-0.077617,-0.075514,0.450141,0.448423,0.480523,0.480601,-0.044237,-0.043853,-0.026229,-0.026039
2.40,rad,0.005375,0.006079,-0.079943,-0.077617,0.452292,0.450141,0.482137,0.480523,-0.044630,-0.044237,-0.026483,-0.026229
2.42,rad,0.004745,0.005375,-0.081671,-0.079943,0.454648,0.452292,0.483214,0.482137,-0.045035,-0.044630,-0.026844,-0.026483
2.44,rad,0.003974,0.004745,-0.083979,-0.081671,0.456983,0.454648,0.484516,0.483214,-0.045461,-0.045035,-0.027134,-0.026844
2.46,rad,0.003015,0.003974,-0.085984,-0.083979,0.458952,0.456983,0.485664,0.484516,-0.045863,-0.045461,-0.027386,-0.027134
2.48,rad,0.001924,0.003015,-0.089092,-0.085984,0.460587,0.458952,0.486245,0.485664,-0.046196,-0.045863,-0.027576,-0.027386
2.50,rad,0.000936,0.001924,-0.090605,-0.089092,0.461882,0.460587,0.487121,0.486245,-0.046457,-0.046196,-0.027835,-0.027576
2.52,rad,0.000025,0.000936,-0.091812,-0.090605,0.462876,0.461882,0.487208,0.487121,-0.046630,-0.046457,-0.028155,-0.027835
2.54,rad,-0.000655,0.000025,-0.091926,-0.091812,0.464210,0.462876,0.487697,0.487208,-0.046669,-0.046630,-0.028352,-0.028155
2.56,rad,-0.001071,-0.000655,-0.092236,-0.091926,0.465505,0.464210,0.487970,0.487697,-0.046616,-0.046669,-0.028418,-0.028352
2.58,rad,-0.001153,-0.001071,-0.090183,-0.092236,0.466899,0.465505,0.487344,0.487970,-0.046538,-0.046616,-0.028125,-0.028418
2.60,rad,-0.001459,-0.001153,-0.091609,-0.090183,0.468081,0.466899,0.487842,0.487344,-0.046444,-0.046538,-0.027938,-0.028125
2.62,rad,-0.001874,-0.001459,-0.089774,-0.091609,0.468985,0.468081,0.488008,0.487842,-0.046345,-0.046444,-0.027671,-0.027938
2.64,rad,-0.001735,-0.001874,-0.089773,-0.089774,0.469663,0.468985,0.487850,0.488008,-0.046275,-0.046345,-0.027582,-0.027671
2.66,rad,-0.001188,-0.001735,-0.086879,-0.089773,0.470259,0.469663,0.487821,0.487850,-0.046255,-0.046275,-0.027339,-0.027582
2.68,rad,-0.000390,-0.001188,-0.088177,-0.086879,0.470694,0.470259,0.488147,0.487821,-0.046294,-0.046255,-0.027320,-0.027339
2.70,rad,0.000241,-0.000390,-0.087371,-0.088177,0.471221,0.470694,0.490186,0.488147,-0.046397,-0.046294,-0.027386,-0.027320
2.72,rad,0.000875,0.000241,-0.089143,-0.087371,0.471931,0.471221,0.494863,0.490186,-0.046550,-0.046397,-0.027336,-0.027386
2.74,rad,0.001388,0.000875,-0.088668,-0.089143,0.472355,0.471931,0.493807,0.494863,-0.046669,-0.046550,-0.026913,-0.027336
2.76,rad,0.001600,0.001388,-0.089854,-0.088668,0.472461,0.472355,0.491666,0.493807,-0.046707,-0.046669,-0.027108,-0.026913
2.78,rad,0.001625,0.001600,-0.090411,-0.089854,0.472303,0.472461,0.491968,0.491666,-0.046644,-0.046707,-0.027087,-0.027108
2.80,rad,0.001849,0.001625,-0.091986,-0.090411,0.471710,0.472303,0.491863,0.491968,-0.046452,-0.046644,-0.026995,-0.027087
2.82,rad,0.002235,0.001849,-0.089376,-0.091986,0.470931,0.471710,0.491675,0.491863,-0.046150,-0.046452,-0.027007,-0.026995
2.84,rad,0.002271,0.002235,-0.086972,-0.089376,0.470230,0.470931,0.491206,0.491675,-0.045849,-0.046150,-0.026337,-0.027007
2.86,rad,0.002081,0.002271,-0.090002,-0.086972,0.469887,0.470230,0.490708,0.491206,-0.045574,-0.045849,-0.025857,-0.026337
2.88,rad,0.001986,0.002081,-0.089478,-0.090002,0.469558,0.469887,0.490443,0.490708,-0.045343,-0.045574,-0.025934,-0.025857
2.90,rad,0.002756,0.001986,-0.087537,-0.089478,0.469120,0.469558,0.489741,0.490443,-0.045196,-0.045343,-0.026175,-0.025934
2.92,rad,0.003539,0.002756,-0.087095,-0.087537,0.468348,0.469120,0.489798,0.489741,-0.045120,-0.045196,-0.026214,-0.026175
2.94,rad,0.003197,0.003539,-0.087826,-0.087095,0.467377,0.468348,0.489955,0.489798,-0.045089,-0.045120,-0.026491,-0.026214
2.96,rad,0.001957,0.003197,-0.089349,-0.087826,0.466224,0.467377,0.489831,0.489955,-0.045067,-0.045089,-0.026606,-0.026491
2.98,rad,0.000568,0.001957,-0.091314,-0.089349,0.464904,0.466224,0.489998,0.489831,-0.045047,-0.045067,-0.026532,-0.026606
3.00,rad,-0.000529,0.000568,-0.093620,-0.091314,0.463459,0.464904,0.489802,0.489998,-0.045002,-0.045047,-0.026414,-0.026532
3.02,rad,-0.001309,-0.000529,-0.094830,-0.093620,0.461998,0.463459,0.489605,0.489802,-0.044945,-0.045002,-0.026322,-0.026414
3.04,rad,-0.001814,-0.001309,-0.095501,-0.094830,0.460610,0.461998,0.489235,0.489605,-0.044921,-0.044945,-0.026262,-0.026322
3.06,rad,-0.002179,-0.001814,-0.096045,-0.095501,0.459169,0.460610,0.488719,0.489235,-0.044908,-0.044921,-0.026215,-0.026262
3.08,rad,-0.002703,-0.002179,-0.096707,-0.096045,0.457775,0.459169,0.488117,0.488719,-0.044893,-0.044908,-0.026183,-0.026215
3.10,rad,-0.003660,-0.002703,-0.097713,-0.096707,0.456809,0.457775,0.487656,0.488117,-0.044910,-0.044893,-0.026168,-0.026183
3.12,rad,-0.004682,-0.003660,-0.098644,-0.097713,0.455936,0.456809,0.487313,0.487656,-0.044958,-0.044910,-0.026184,-0.026168
3.14,rad,-0.005392,-0.004682,-0.099366,-0.098644,0.455199,0.455936,0.487048,0.487313,-0.045017,-0.044958,-0.026193,-0.026184
3.16,rad,-0.005885,-0.005392,-0.099711,-0.099366,0.454508,0.455199,0.486753,0.487048,-0.045083,-0.045017,-0.026196,-0.026193
3.18,rad,-0.006071,-0.005885,-0.099753,-0.099711,0.453861,0.454508,0.486172,0.486753,-0.045180,-0.045083,-0.026207,-0.026196
3.20,rad,-0.006270,-0.006071,-0.099987,-0.099753,0.453297,0.453861,0.485929,0.486172,-0.045282,-0.045180,-0.026221,-0.026207
3.22,rad,-0.006749,-0.006270,-0.100314,-0.099987,0.452687,0.453297,0.485813,0.485929,-0.045350,-0.045282,-0.026196,-0.026221
3.24,rad,-0.007246,-0.006749,-0.101089,-0.100314,0.451929,0.452687,0.485377,0.485813,-0.045445,-0.045350,-0.026146,-0.026196
3.26,rad,-0.007940,-0.007246,-0.102148,-0.101089,0.451052,0.451929,0.484797,0.485377,-0.045544,-0.045445,-0.026073,-0.026146
3.28,rad,-0.008825,-0.007940,-0.105087,-0.102148,0.450251,0.451052,0.488414,0.484797,-0.045619,-0.045544,-0.025547,-0.026073
3.30,rad,-0.009907,-0.008825,-0.108181,-0.105087,0.449724,0.450251,0.487736,0.488414,-0.045692,-0.045619,-0.024982,-0.025547
3.32,rad,-0.011031,-0.009907,-0.107651,-0.108181,0.449513,0.449724,0.483084,0.487736,-0.045773,-0.045692,-0.025277,-0.024982
3.34,rad,-0.012318,-0.011031,-0.107268,-0.107651,0.449512,0.449513,0.480937,0.483084,-0.045826,-0.045773,-0.025544,-0.025277
3.36,rad,-0.013661,-0.012318,-0.111862,-0.107268,0.449618,0.449512,0.484112,0.480937,-0.045839,-0.045826,-0.025133,-0.025544
3.38,rad,-0.014940,-0.013661,-0.112567,-0.111862,0.449703,0.449618,0.482370,0.484112,-0.045833,-0.045839,-0.024966,-0.025133
3.40,rad,-0.015243,-0.014940,-0.110357,-0.112567,0.449619,0.449703,0.479707,0.482370,-0.045827,-0.045833,-0.025256,-0.024966
3.42,rad,-0.015282,-0.015243,-0.110823,-0.110357,0.449625,0.449619,0.481255,0.479707,-0.045809,-0.045827,-0.024907,-0.025256
3.44,rad,-0.016643,-0.015282,-0.116425,-0.110823,0.450010,0.449625,0.483387,0.481255,-0.045770,-0.045809,-0.024225,-0.024907
3.46,rad,-0.018661,-0.016643,-0.118209,-0.116425,0.450768,0.450010,0.483074,0.483387,-0.045707,-0.045770,-0.024090,-0.024225
3.48,rad,-0.020615,-0.018661,-0.116709,-0.118209,0.451561,0.450768,0.476982,0.483074,-0.045636,-0.045707,-0.023666,-0.024090
3.50,rad,-0.021662,-0.020615,-0.120495,-0.116709,0.452149,0.451561,0.475360,0.476982,-0.045585,-0.045636,-0.023391,-0.023666
3.52,rad,-0.021995,-0.021662,-0.120208,-0.120495,0.452564,0.452149,0.475201,0.475360,-0.045546,-0.045585,-0.023069,-0.023391
3.54,rad,-0.021908,-0.021995,-0.119866,-0.120208,0.452962,0.452564,0.472474,0.475201,-0.045523,-0.045546,-0.023257,-0.023069
3.56,rad,-0.021369,-0.021908,-0.115987,-0.119866,0.453396,0.452962,0.470928,0.472474,-0.045522,-0.045523,-0.023530,-0.023257
3.58,rad,-0.020861,-0.021369,-0.117126,-0.115987,0.453886,0.453396,0.471027,0.470928,-0.045548,-0.045522,-0.023539,-0.023530
3.60,rad,-0.021445,-0.020861,-0.118614,-0.117126,0.454683,0.453886,0.470900,0.471027,-0.045599,-0.045548,-0.023349,-0.023539
3.62,rad,-0.022466,-0.021445,-0.121095,-0.118614,0.455593,0.454683,0.471050,0.470900,-0.045669,-0.045599,-0.023519,-0.023349
3.64,rad,-0.022775,-0.022466,-0.122979,-0.121095,0.456578,0.455593,0.471863,0.471050,-0.045755,-0.045669,-0.023614,-0.023519
3.66,rad,-0.022682,-0.022775,-0.124094,-0.122979,0.457758,0.456578,0.472267,0.471863,-0.045861,-0.045755,-0.023536,-0.023614
3.68,rad,-0.022684,-0.022682,-0.125811,-0.124094,0.459100,0.457758,0.472675,0.472267,-0.045993,-0.045861,-0.023635,-0.023536
3.70,rad,-0.023390,-0.022684,-0.127717,-0.125811,0.460602,0.459100,0.473068,0.472675,-0.046119,-0.045993,-0.023800,-0.023635
3.72,rad,-0.024314,-0.023390,-0.126875,-0.127717,0.462283,0.460602,0.471987,0.473068,-0.046228,-0.046119,-0.023504,-0.023800
3.74,rad,-0.024658,-0.024314,-0.129354,-0.126875,0.463984,0.462283,0.472153,0.471987,-0.046338,-0.046228,-0.023434,-0.023504
3.76,rad,-0.024740,-0.024658,-0.128131,-0.129354,0.465485,0.463984,0.472169,0.472153,-0.046483,-0.046338,-0.023391,-0.023434
3.78,rad,-0.024877,-0.024740,-0.128451,-0.128131,0.466743,0.465485,0.472178,0.472169,-0.046672,-0.046483,-0.023520,-0.023391
3.80,rad,-0.025823,-0.024877,-0.127993,-0.128451,0.467781,0.466743,0.472849,0.472178,-0.046925,-0.046672,-0.023636,-0.023520
3.82,rad,-0.026820,-0.025823,-0.130207,-0.127993,0.469100,0.467781,0.473813,0.472849,-0.047237,-0.046925,-0.023857,-0.023636
3.84,rad,-0.027392,-0.026820,-0.131232,-0.130207,0.470264,0.469100,0.475310,0.473813,-0.047593,-0.047237,-0.023932,-0.023857
3.86,rad,-0.028304,-0.027392,-0.133411,-0.131232,0.471421,0.470264,0.476898,0.475310,-0.048019,-0.047593,-0.024062,-0.023932
3.88,rad,-0.029782,-0.028304,-0.136392,-0.133411,0.472328,0.471421,0.477807,0.476898,-0.048534,-0.048019,-0.024151,-0.024062
3.90,rad,-0.032108,-0.029782,-0.140463,-0.136392,0.473764,0.472328,0.478809,0.477807,-0.049173,-0.048534,-0.024317,-0.024151
3.92,rad,-0.034512,-0.032108,-0.144516,-0.140463,0.475511,0.473764,0.479987,0.478809,-0.050035,-0.049173,-0.024633,-0.024317
3.94,rad,-0.037771,-0.034512,-0.148921,-0.144516,0.476445,0.475511,0.480129,0.479987,-0.051094,-0.050035,-0.025082,-0.024633
3.96,rad,-0.044161,-0.037771,-0.155710,-0.148921,0.476343,0.476445,0.479158,0.480129,-0.052340,-0.051094,-0.025668,-0.025082
3.98,rad,-0.051886,-0.044161,-0.163014,-0.155710,0.474796,0.476343,0.476820,0.479158,-0.053638,-0.052340,-0.026342,-0.025668
4.00,rad,-0.065592,-0.051886,-0.177186,-0.163014,0.470794,0.474796,0.474181,0.476820,-0.054929,-0.053638,-0.026897,-0.026342
4.02,rad,-0.085155,-0.065592,-0.196414,-0.177186,0.464065,0.470794,0.467031,0.474181,-0.056164,-0.054929,-0.027428,-0.026897
4.04,rad,-0.109151,-0.085155,-0.218278,-0.196414,0.455198,0.464065,0.457711,0.467031,-0.057021,-0.056164,-0.027857,-0.027428
4.06,rad,-0.142534,-0.109151,-0.250501,-0.218278,0.444143,0.455198,0.448855,0.457711,-0.057411,-0.057021,-0.027821,-0.027857
4.08,rad,-0.178508,-0.142534,-0.286718,-0.250501,0.432502,0.444143,0.439107,0.448855,-0.056941,-0.057411,-0.027234,-0.027821
4.10,rad,-0.222271,-0.178508,-0.327693,-0.286718,0.420238,0.432502,0.426850,0.439107,-0.055349,-0.056941,-0.026071,-0.027234
4.12,rad,-0.270987,-0.222271,-0.373532,-0.327693,0.410916,0.420238,0.415843,0.426850,-0.052365,-0.055349,-0.024409,-0.026071
4.14,rad,-0.316926,-0.270987,-0.418903,-0.373532,0.407667,0.410916,0.408810,0.415843,-0.047125,-0.052365,-0.021737,-0.024409
4.16,rad,-0.370136,-0.316926,-0.473713,-0.418903,0.409351,0.407667,0.407696,0.408810,-0.039301,-0.047125,-0.017547,-0.021737
4.18,rad,-0.421632,-0.370136,-0.524223,-0.473713,0.412660,0.409351,0.410476,0.407696,-0.029873,-0.039301,-0.012188,-0.017547
4.20,rad,-0.479720,-0.421632,-0.577529,-0.524223,0.413457,0.412660,0.413264,0.410476,-0.018624,-0.029873,-0.004933,-0.012188
4.22,rad,-0.537792,-0.479720,-0.620777,-0.577529,0.419346,0.413457,0.419835,0.413264,-0.006381,-0.018624,0.004206,-0.004933
4.24,rad,-0.578583,-0.537792,-0.639448,-0.620777,0.423167,0.419346,0.415101,0.419835,0.004198,-0.006381,0.014039,0.004206
4.26,rad,-0.609919,-0.578583,-0.653886,-0.639448,0.405133,0.423167,0.386312,0.415101,0.012653,0.004198,0.024075,0.014039
4.28,rad,-0.623039,-0.609919,-0.669826,-0.653886,0.384076,0.405133,0.352614,0.386312,0.021051,0.012653,0.033794,0.024075
4.30,rad,-0.645132,-0.623039,-0.695555,-0.669826,0.366038,0.384076,0.324913,0.352614,0.030808,0.021051,0.043977,0.033794
4.32,rad,-0.708454,-0.645132,-0.736178,-0.695555,0.366254,0.366038,0.317906,0.324913,0.042761,0.030808,0.055512,0.043977
4.34,rad,-0.785252,-0.708454,-0.798945,-0.736178,0.379721,0.366254,0.332519,0.317906,0.055099,0.042761,0.067379,0.055512
4.36,rad,-0.864123,-0.785252,-0.883832,-0.798945,0.397113,0.379721,0.353744,0.332519,0.065973,0.055099,0.079020,0.067379
4.38,rad,-0.944440,-0.864123,-0.974214,-0.883832,0.419304,0.397113,0.378367,0.353744,0.075486,0.065973,0.089540,0.079020
4.40,rad,-1.040305,-0.944440,-1.071623,-0.974214,0.444351,0.419304,0.403159,0.378367,0.083489,0.075486,0.099237,0.089540
4.42,rad,-1.139933,-1.040305,-1.177584,-1.071623,0.467033,0.444351,0.425323,0.403159,0.089898,0.083489,0.107298,0.099237
4.44,rad,-1.232994,-1.139933,-1.278726,-1.177584,0.488520,0.467033,0.444268,0.425323,0.095019,0.089898,0.112580,0.107298
4.46,rad,-1.343870,-1.232994,-1.396144,-1.278726,0.507107,0.488520,0.459127,0.444268,0.099718,0.095019,0.115531,0.112580
4.48,rad,-1.464317,-1.343870,-1.519749,-1.396144,0.518448,0.507107,0.468684,0.459127,0.103326,0.099718,0.116557,0.115531
4.50,rad,-1.599018,-1.464317,-1.652830,-1.519749,0.527905,0.518448,0.478638,0.468684,0.106876,0.103326,0.117744,0.116557
4.52,rad,-1.726851,-1.599018,-1.770795,-1.652830,0.532829,0.527905,0.483839,0.478638,0.110235,0.106876,0.118462,0.117744
4.54,rad,-1.825328,-1.726851,-1.856972,-1.770795,0.525945,0.532829,0.480692,0.483839,0.110832,0.110235,0.116729,0.118462
4.56,rad,-1.917031,-1.825328,-1.934699,-1.856972,0.508856,0.525945,0.476834,0.480692,0.110097,0.110832,0.116092,0.116729
4.58,rad,-2.018747,-1.917031,-2.026859,-1.934699,0.490958,0.508856,0.463501,0.476834,0.110588,0.110097,0.118439,0.116092
4.60,rad,-2.084587,-2.018747,-2.089656,-2.026859,0.451498,0.490958,0.438483,0.463501,0.112577,0.110588,0.124380,0.118439
4.62,rad,-2.116277,-2.084587,-2.123865,-2.089656,0.412895,0.451498,0.409259,0.438483,0.115334,0.112577,0.132052,0.124380
4.64,rad,-2.149352,-2.116277,-2.168640,-2.123865,0.389764,0.412895,0.389539,0.409259,0.121405,0.115334,0.139600,0.132052
4.66,rad,-2.137001,-2.149352,-2.181247,-2.168640,0.379161,0.389764,0.377901,0.389539,0.126326,0.121405,0.144810,0.139600
4.68,rad,-2.094095,-2.137001,-2.161033,-2.181247,0.378320,0.379161,0.371102,0.377901,0.128965,0.126326,0.148376,0.144810
4.70,rad,-2.008123,-2.094095,-2.103993,-2.161033,0.383101,0.378320,0.360892,0.371102,0.129872,0.128965,0.150612,0.148376
4.72,rad,-1.939112,-2.008123,-2.054546,-2.103993,0.384196,0.383101,0.352953,0.360892,0.128350,0.129872,0.150471,0.150612
4.74,rad,-1.945199,-1.939112,-2.074316,-2.054546,0.387251,0.384196,0.352865,0.352953,0.124858,0.128350,0.147232,0.150471
4.76,rad,-1.933731,-1.945199,-2.067254,-2.074316,0.389059,0.387251,0.357210,0.352865,0.118405,0.124858,0.140373,0.147232
4.78,rad,-1.876876,-1.933731,-2.009746,-2.067254,0.395081,0.389059,0.364355,0.357210,0.112084,0.118405,0.133163,0.140373
4.80,rad,-1.813796,-1.876876,-1.940661,-2.009746,0.402896,0.395081,0.374811,0.364355,0.107150,0.112084,0.127180,0.133163
4.82,rad,-1.759156,-1.813796,-1.875860,-1.940661,0.408520,0.402896,0.385326,0.374811,0.103093,0.107150,0.122702,0.127180
4.84,rad,-1.692240,-1.759156,-1.802340,-1.875860,0.407757,0.408520,0.387223,0.385326,0.100348,0.103093,0.119318,0.122702
4.86,rad,-1.605398,-1.692240,-1.713095,-1.802340,0.406123,0.407757,0.384086,0.387223,0.098202,0.100348,0.115871,0.119318
4.88,rad,-1.534915,-1.605398,-1.638223,-1.713095,0.409197,0.406123,0.384271,0.384086,0.097161,0.098202,0.113081,0.115871
4.90,rad,-1.455179,-1.534915,-1.553206,-1.638223,0.410506,0.409197,0.383428,0.384271,0.097248,0.097161,0.110951,0.113081
4.92,rad,-1.352692,-1.455179,-1.446406,-1.553206,0.409517,0.410506,0.381172,0.383428,0.097524,0.097248,0.108834,0.110951
4.94,rad,-1.246465,-1.352692,-1.338515,-1.446406,0.409284,0.409517,0.378087,0.381172,0.098453,0.097524,0.107001,0.108834
4.96,rad,-1.131886,-1.246465,-1.224592,-1.338515,0.410558,0.409284,0.374129,0.378087,0.099860,0.098453,0.104781,0.107001
4.98,rad,-1.016409,-1.131886,-1.114519,-1.224592,0.411148,0.410558,0.367616,0.374129,0.101167,0.099860,0.102325,0.104781
5.00,rad,-0.888466,-1.016409,-0.992621,-1.114519,0.411108,0.411148,0.360252,0.367616,0.102757,0.101167,0.100126,0.102325
5.02,rad,-0.757717,-0.888466,-0.862873,-0.992621,0.415431,0.411108,0.357928,0.360252,0.103719,0.102757,0.097698,0.100126
5.04,rad,-0.645528,-0.757717,-0.744741,-0.862873,0.423121,0.415431,0.357387,0.357928,0.103513,0.103719,0.094327,0.097698
5.06,rad,-0.540399,-0.645528,-0.627876,-0.744741,0.435930,0.423121,0.364000,0.357387,0.102450,0.103513,0.090134,0.094327
5.08,rad,-0.445882,-0.540399,-0.514980,-0.627876,0.449156,0.435930,0.373708,0.364000,0.100087,0.102450,0.084707,0.090134
5.10,rad,-0.332351,-0.445882,-0.384465,-0.514980,0.463439,0.449156,0.386084,0.373708,0.097346,0.100087,0.078388,0.084707
5.12,rad,-0.215500,-0.332351,-0.249786,-0.384465,0.476303,0.463439,0.399734,0.386084,0.093273,0.097346,0.071027,0.078388
5.14,rad,-0.123743,-0.215500,-0.143762,-0.249786,0.477990,0.476303,0.402939,0.399734,0.086946,0.093273,0.062537,0.071027
5.16,rad,-0.046207,-0.123743,-0.059710,-0.143762,0.468311,0.477990,0.409898,0.402939,0.079342,0.086946,0.053672,0.062537
5.18,rad,0.023756,-0.046207,0.014572,-0.059710,0.461082,0.468311,0.411137,0.409898,0.072293,0.079342,0.047306,0.053672
5.20,rad,0.035777,0.023756,0.010216,0.014572,0.467721,0.461082,0.440221,0.411137,0.063731,0.072293,0.047537,0.047306
5.22,rad,0.034690,0.035777,-0.001448,0.010216,0.469734,0.467721,0.457098,0.440221,0.052518,0.063731,0.049608,0.047537
5.24,rad,0.032984,0.034690,0.015723,-0.001448,0.478602,0.469734,0.463192,0.457098,0.046221,0.052518,0.052862,0.049608
5.26,rad,0.024924,0.032984,0.037417,0.015723,0.491275,0.478602,0.449552,0.463192,0.043498,0.046221,0.051898,0.052862
5.28,rad,-0.014977,0.024924,0.028023,0.037417,0.528698,0.491275,0.449218,0.449552,0.036824,0.043498,0.044046,0.051898
5.30,rad,-0.039939,-0.014977,-0.000322,0.028023,0.566655,0.528698,0.482460,0.449218,0.024499,0.036824,0.033982,0.044046
5.32,rad,-0.090100,-0.039939,-0.027983,-0.000322,0.610429,0.566655,0.523460,0.482460,0.010030,0.024499,0.023285,0.033982
5.34,rad,-0.168105,-0.090100,-0.084286,-0.027983,0.641420,0.610429,0.553934,0.523460,-0.008022,0.010030,0.008572,0.023285
5.36,rad,-0.258130,-0.168105,-0.165366,-0.084286,0.650979,0.641420,0.578990,0.553934,-0.028378,-0.008022,-0.010224,0.008572
5.38,rad,-0.319919,-0.258130,-0.231127,-0.165366,0.665276,0.650979,0.606484,0.578990,-0.047448,-0.028378,-0.029756,-0.010224
5.40,rad,-0.416798,-0.319919,-0.329017,-0.231127,0.669270,0.665276,0.614703,0.606484,-0.063300,-0.047448,-0.047483,-0.029756
5.42,rad,-0.552199,-0.416798,-0.475085,-0.329017,0.660721,0.669270,0.599567,0.614703,-0.073480,-0.063300,-0.059472,-0.047483
5.44,rad,-0.682195,-0.552199,-0.618938,-0.475085,0.665307,0.660721,0.590889,0.599567,-0.079509,-0.073480,-0.066865,-0.059472
5.46,rad,-0.825710,-0.682195,-0.774438,-0.618938,0.682404,0.665307,0.607940,0.590889,-0.085268,-0.079509,-0.071922,-0.066865
5.48,rad,-0.972907,-0.825710,-0.921757,-0.774438,0.710940,0.682404,0.640757,0.607940,-0.091780,-0.085268,-0.078009,-0.071922
5.50,rad,-1.162429,-0.972907,-1.089837,-0.921757,0.742576,0.710940,0.669449,0.640757,-0.098008,-0.091780,-0.082935,-0.078009
5.52,rad,-1.369868,-1.162429,-1.271830,-1.089837,0.808525,0.742576,0.726607,0.669449,-0.105735,-0.098008,-0.088420,-0.082935
5.54,rad,-1.510798,-1.369868,-1.390560,-1.271830,0.922748,0.808525,0.835258,0.726607,-0.125912,-0.105735,-0.105801,-0.088420
5.56,rad,-1.578305,-1.510798,-1.456891,-1.390560,1.073782,0.922748,0.987294,0.835258,-0.158301,-0.125912,-0.135022,-0.105801
5.58,rad,-1.567865,-1.578305,-1.460667,-1.456891,1.218514,1.073782,1.144471,0.987294,-0.187075,-0.158301,-0.162355,-0.135022
5.60,rad,-1.540835,-1.567865,-1.455402,-1.460667,1.286351,1.218514,1.220864,1.144471,-0.206458,-0.187075,-0.181180,-0.162355
5.62,rad,-1.556393,-1.540835,-1.493152,-1.455402,1.290858,1.286351,1.240499,1.220864,-0.210452,-0.206458,-0.186908,-0.181180
5.64,rad,-1.632341,-1.556393,-1.595867,-1.493152,1.276132,1.290858,1.244266,1.240499,-0.199584,-0.210452,-0.180850,-0.186908
5.66,rad,-1.708530,-1.632341,-1.706613,-1.595867,1.240250,1.276132,1.218790,1.244266,-0.182060,-0.199584,-0.169449,-0.180850
5.68,rad,-1.769078,-1.708530,-1.790236,-1.706613,1.194876,1.240250,1.165030,1.218790,-0.164597,-0.182060,-0.156459,-0.169449
5.70,rad,-1.865447,-1.769078,-1.895514,-1.790236,1.131890,1.194876,1.089936,1.165030,-0.145772,-0.164597,-0.140550,-0.156459
5.72,rad,-1.959797,-1.865447,-1.993925,-1.895514,1.060760,1.131890,1.009722,1.089936,-0.127479,-0.145772,-0.124000,-0.140550
5.74,rad,-2.016952,-1.959797,-2.050406,-1.993925,0.990936,1.060760,0.926519,1.009722,-0.112972,-0.127479,-0.110703,-0.124000
5.76,rad,-2.049088,-2.016952,-2.078664,-2.050406,0.931669,0.990936,0.848980,0.926519,-0.100832,-0.112972,-0.099821,-0.110703
5.78,rad,-2.088000,-2.049088,-2.112668,-2.078664,0.893784,0.931669,0.789690,0.848980,-0.091023,-0.100832,-0.091548,-0.099821
5.80,rad,-2.111705,-2.088000,-2.133342,-2.112668,0.861716,0.893784,0.736948,0.789690,-0.080540,-0.091023,-0.083243,-0.091548
5.82,rad,-2.108762,-2.111705,-2.138068,-2.133342,0.827183,0.861716,0.685143,0.736948,-0.069082,-0.080540,-0.074479,-0.083243
5.84,rad,-2.095115,-2.108762,-2.147023,-2.138068,0.799198,0.827183,0.646192,0.685143,-0.057303,-0.069082,-0.065595,-0.074479
5.86,rad,-2.051895,-2.095115,-2.134701,-2.147023,0.778277,0.799198,0.616137,0.646192,-0.046226,-0.057303,-0.056926,-0.065595
5.88,rad,-2.035077,-2.051895,-2.127960,-2.134701,0.752921,0.778277,0.578062,0.616137,-0.036670,-0.046226,-0.049013,-0.056926
5.90,rad,-2.020452,-2.035077,-2.101313,-2.127960,0.723089,0.752921,0.534402,0.578062,-0.030609,-0.036670,-0.043711,-0.049013
5.92,rad,-2.002626,-2.020452,-2.061124,-2.101313,0.694271,0.723089,0.491523,0.534402,-0.028968,-0.030609,-0.042931,-0.043711
5.94,rad,-1.996101,-2.002626,-2.029777,-2.061124,0.659976,0.694271,0.445631,0.491523,-0.029410,-0.028968,-0.043816,-0.042931
5.96,rad,-1.974333,-1.996101,-1.991676,-2.029777,0.622907,0.659976,0.400598,0.445631,-0.031734,-0.029410,-0.045766,-0.043816
5.98,rad,-1.936936,-1.974333,-1.946804,-1.991676,0.585639,0.622907,0.355153,0.400598,-0.034366,-0.031734,-0.047405,-0.045766
6.00,rad,-1.879496,-1.936936,-1.889086,-1.946804,0.550917,0.585639,0.314460,0.355153,-0.037020,-0.034366,-0.048455,-0.047405
6.02,rad,-1.808229,-1.879496,-1.820507,-1.889086,0.523990,0.550917,0.286480,0.314460,-0.039600,-0.037020,-0.049031,-0.048455
6.04,rad,-1.726347,-1.808229,-1.744827,-1.820507,0.502515,0.523990,0.261725,0.286480,-0.041222,-0.039600,-0.048815,-0.049031
6.06,rad,-1.623205,-1.726347,-1.656413,-1.744827,0.487067,0.502515,0.253433,0.261725,-0.043017,-0.041222,-0.048158,-0.048815
6.08,rad,-1.515996,-1.623205,-1.565708,-1.656413,0.475031,0.487067,0.276172,0.253433,-0.045621,-0.043017,-0.047147,-0.048158
6.10,rad,-1.398477,-1.515996,-1.454714,-1.565708,0.464089,0.475031,0.319611,0.276172,-0.048254,-0.045621,-0.044814,-0.047147
6.12,rad,-1.271808,-1.398477,-1.327368,-1.454714,0.457842,0.464089,0.365422,0.319611,-0.050670,-0.048254,-0.041905,-0.044814
6.14,rad,-1.141925,-1.271808,-1.213179,-1.327368,0.458055,0.457842,0.423567,0.365422,-0.052550,-0.050670,-0.038203,-0.041905
6.16,rad,-1.011260,-1.141925,-1.090251,-1.213179,0.466172,0.458055,0.467355,0.423567,-0.054670,-0.052550,-0.035783,-0.038203
6.18,rad,-0.890628,-1.011260,-0.960854,-1.090251,0.479963,0.466172,0.491576,0.467355,-0.056755,-0.054670,-0.035509,-0.035783
6.20,rad,-0.768764,-0.890628,-0.817046,-0.960854,0.493203,0.479963,0.449542,0.491576,-0.057737,-0.056755,-0.042382,-0.035509
6.22,rad,-0.641067,-0.768764,-0.640291,-0.817046,0.497160,0.493203,0.406128,0.449542,-0.058462,-0.057737,-0.051324,-0.042382
6.24,rad,-0.505631,-0.641067,-0.478770,-0.640291,0.494196,0.497160,0.423761,0.406128,-0.057726,-0.058462,-0.057578,-0.051324
6.26,rad,-0.361427,-0.505631,-0.310528,-0.478770,0.491655,0.494196,0.457778,0.423761,-0.054576,-0.057726,-0.062746,-0.057578
6.28,rad,-0.237019,-0.361427,-0.150866,-0.310528,0.487299,0.491655,0.461317,0.457778,-0.048309,-0.054576,-0.065861,-0.062746
6.30,rad,-0.133959,-0.237019,-0.054974,-0.150866,0.474556,0.487299,0.450662,0.461317,-0.039545,-0.048309,-0.069558,-0.065861
6.32,rad,-0.059542,-0.133959,0.044613,-0.054974,0.420684,0.474556,0.442993,0.450662,-0.033316,-0.039545,-0.069329,-0.069558
6.34,rad,-0.005329,-0.059542,0.111061,0.044613,0.388453,0.420684,0.408852,0.442993,-0.033371,-0.033316,-0.069210,-0.069329
6.36,rad,-0.000360,-0.005329,0.098262,0.111061,0.374409,0.388453,0.345743,0.408852,-0.036818,-0.033371,-0.072293,-0.069210
6.38,rad,-0.038288,-0.000360,0.051284,0.098262,0.327991,0.374409,0.271856,0.345743,-0.037644,-0.036818,-0.073581,-0.072293
6.40,rad,-0.083967,-0.038288,-0.005433,0.051284,0.274680,0.327991,0.200609,0.271856,-0.033057,-0.037644,-0.069612,-0.073581
6.42,rad,-0.140388,-0.083967,-0.039309,-0.005433,0.270064,0.274680,0.179928,0.200609,-0.027151,-0.033057,-0.060292,-0.069612
6.44,rad,-0.159353,-0.140388,-0.042873,-0.039309,0.319314,0.270064,0.233562,0.179928,-0.014847,-0.027151,-0.045004,-0.060292
6.46,rad,-0.150936,-0.159353,-0.017170,-0.042873,0.380668,0.319314,0.308965,0.233562,-0.000327,-0.014847,-0.029236,-0.045004
6.48,rad,-0.146867,-0.150936,-0.013021,-0.017170,0.398132,0.380668,0.352130,0.308965,0.013395,-0.000327,-0.014566,-0.029236
6.50,rad,-0.232917,-0.146867,-0.106454,-0.013021,0.355433,0.398132,0.340702,0.352130,0.032885,0.013395,0.003966,-0.014566
6.52,rad,-0.371085,-0.232917,-0.254964,-0.106454,0.279912,0.355433,0.306207,0.340702,0.049819,0.032885,0.023246,0.003966
6.54,rad,-0.506721,-0.371085,-0.406798,-0.254964,0.261634,0.279912,0.284094,0.306207,0.063250,0.049819,0.038009,0.023246
6.56,rad,-0.696962,-0.506721,-0.604748,-0.406798,0.305520,0.261634,0.312714,0.284094,0.076548,0.063250,0.052211,0.038009
6.58,rad,-0.878256,-0.696962,-0.785959,-0.604748,0.355547,0.305520,0.357170,0.312714,0.091215,0.076548,0.067926,0.052211
6.60,rad,-1.037289,-0.878256,-0.928800,-0.785959,0.374602,0.355547,0.377800,0.357170,0.106151,0.091215,0.082652,0.067926
6.62,rad,-1.187112,-1.037289,-1.066757,-0.928800,0.387413,0.374602,0.387044,0.377800,0.122065,0.106151,0.098146,0.082652
6.64,rad,-1.293872,-1.187112,-1.181971,-1.066757,0.400022,0.387413,0.395045,0.387044,0.135369,0.122065,0.112066,0.098146
6.66,rad,-1.374645,-1.293872,-1.272184,-1.181971,0.413034,0.400022,0.405428,0.395045,0.144702,0.135369,0.122103,0.112066
6.68,rad,-1.431401,-1.374645,-1.343067,-1.272184,0.426596,0.413034,0.418426,0.405428,0.149682,0.144702,0.128291,0.122103
6.70,rad,-1.480336,-1.431401,-1.407956,-1.343067,0.444883,0.426596,0.435184,0.418426,0.152206,0.149682,0.131344,0.128291
6.72,rad,-1.517955,-1.480336,-1.461861,-1.407956,0.464939,0.444883,0.453279,0.435184,0.154446,0.152206,0.133221,0.131344
6.74,rad,-1.553537,-1.517955,-1.512164,-1.461861,0.482118,0.464939,0.470966,0.453279,0.154252,0.154446,0.132703,0.133221
6.76,rad,-1.594315,-1.553537,-1.564686,-1.512164,0.486477,0.482118,0.487100,0.470966,0.148520,0.154252,0.130919,0.132703
6.78,rad,-1.637285,-1.594315,-1.628334,-1.564686,0.465860,0.486477,0.493231,0.487100,0.138081,0.148520,0.128025,0.130919
6.80,rad,-1.682388,-1.637285,-1.721161,-1.628334,0.433028,0.465860,0.486646,0.493231,0.126515,0.138081,0.124589,0.128025
6.82,rad,-1.732889,-1.682388,-1.813547,-1.721161,0.406482,0.433028,0.481311,0.486646,0.117107,0.126515,0.122448,0.124589
6.84,rad,-1.789709,-1.732889,-1.878193,-1.813547,0.390949,0.406482,0.483919,0.481311,0.112409,0.117107,0.122051,0.122448
6.86,rad,-1.861762,-1.789709,-1.923831,-1.878193,0.406650,0.390949,0.489986,0.483919,0.111148,0.112409,0.123507,0.122051
6.88,rad,-1.939211,-1.861762,-1.971505,-1.923831,0.430966,0.406650,0.484721,0.489986,0.115340,0.111148,0.126289,0.123507
6.90,rad,-1.942707,-1.939211,-1.976689,-1.971505,0.421067,0.430966,0.464242,0.484721,0.126916,0.115340,0.129438,0.126289
6.92,rad,-1.893765,-1.942707,-1.947183,-1.976689,0.401132,0.421067,0.445683,0.464242,0.134447,0.126916,0.131901,0.129438
6.94,rad,-1.857509,-1.893765,-1.935841,-1.947183,0.374975,0.401132,0.438034,0.445683,0.138328,0.134447,0.133880,0.131901
6.96,rad,-1.827774,-1.857509,-1.928044,-1.935841,0.387821,0.374975,0.430607,0.438034,0.139079,0.138328,0.133307,0.133880
6.98,rad,-1.813696,-1.827774,-1.921653,-1.928044,0.414292,0.387821,0.421371,0.430607,0.136942,0.139079,0.132626,0.133307
7.00,rad,-1.844705,-1.813696,-1.926605,-1.921653,0.421614,0.414292,0.414140,0.421371,0.129089,0.136942,0.131079,0.132626
7.02,rad,-1.866048,-1.844705,-1.939582,-1.926605,0.423328,0.421614,0.404610,0.414140,0.120868,0.129089,0.127101,0.131079
7.04,rad,-1.863532,-1.866048,-1.933145,-1.939582,0.425360,0.423328,0.401322,0.404610,0.114846,0.120868,0.123286,0.127101
7.06,rad,-1.843696,-1.863532,-1.906937,-1.933145,0.426595,0.425360,0.396174,0.401322,0.109210,0.114846,0.118810,0.123286
7.08,rad,-1.819916,-1.843696,-1.874940,-1.906937,0.429561,0.426595,0.396107,0.396174,0.103606,0.109210,0.113732,0.118810
7.10,rad,-1.781859,-1.819916,-1.834754,-1.874940,0.435057,0.429561,0.399311,0.396107,0.098485,0.103606,0.108712,0.113732
7.12,rad,-1.730309,-1.781859,-1.786644,-1.834754,0.440910,0.435057,0.403732,0.399311,0.094363,0.098485,0.104299,0.108712
7.14,rad,-1.686716,-1.730309,-1.747331,-1.786644,0.449019,0.440910,0.410948,0.403732,0.090535,0.094363,0.100396,0.104299
7.16,rad,-1.639543,-1.686716,-1.703204,-1.747331,0.458501,0.449019,0.417425,0.410948,0.087406,0.090535,0.097198,0.100396
7.18,rad,-1.593406,-1.639543,-1.656294,-1.703204,0.468873,0.458501,0.421365,0.417425,0.085871,0.087406,0.095137,0.097198
7.20,rad,-1.534800,-1.593406,-1.592981,-1.656294,0.479133,0.468873,0.423218,0.421365,0.086720,0.085871,0.094820,0.095137
7.22,rad,-1.461339,-1.534800,-1.514006,-1.592981,0.490054,0.479133,0.424533,0.423218,0.089735,0.086720,0.095992,0.094820
7.24,rad,-1.382859,-1.461339,-1.430326,-1.514006,0.498719,0.490054,0.423348,0.424533,0.094037,0.089735,0.098170,0.095992
7.26,rad,-1.289363,-1.382859,-1.332890,-1.430326,0.504875,0.498719,0.420404,0.423348,0.098917,0.094037,0.100969,0.098170
7.28,rad,-1.194285,-1.289363,-1.234916,-1.332890,0.508913,0.504875,0.415594,0.420404,0.103434,0.098917,0.103609,0.100969
7.30,rad,-1.088591,-1.194285,-1.125462,-1.234916,0.515263,0.508913,0.412895,0.415594,0.107625,0.103434,0.106369,0.103609
7.32,rad,-0.977887,-1.088591,-1.007930,-1.125462,0.526276,0.515263,0.414443,0.412895,0.110571,0.107625,0.108290,0.106369
7.34,rad,-0.865890,-0.977887,-0.891672,-1.007930,0.538600,0.526276,0.418138,0.414443,0.111430,0.110571,0.108387,0.108290
7.36,rad,-0.747767,-0.865890,-0.775753,-0.891672,0.551818,0.538600,0.422491,0.418138,0.109908,0.111430,0.106166,0.108387
7.38,rad,-0.637552,-0.747767,-0.669729,-0.775753,0.561817,0.551818,0.424807,0.422491,0.105937,0.109908,0.101438,0.106166
7.40,rad,-0.552937,-0.637552,-0.595599,-0.669729,0.566485,0.561817,0.425516,0.424807,0.100575,0.105937,0.095075,0.101438
7.42,rad,-0.514153,-0.552937,-0.565355,-0.595599,0.568565,0.566485,0.427132,0.425516,0.094722,0.100575,0.088018,0.095075
7.44,rad,-0.537105,-0.514153,-0.582366,-0.565355,0.568895,0.568565,0.420965,0.427132,0.088517,0.094722,0.080299,0.088018
7.46,rad,-0.603223,-0.537105,-0.629952,-0.582366,0.570922,0.568895,0.425132,0.420965,0.080750,0.088517,0.072326,0.080299
7.48,rad,-0.650146,-0.603223,-0.654326,-0.629952,0.573811,0.570922,0.437988,0.425132,0.070775,0.080750,0.063500,0.072326
7.50,rad,-0.684600,-0.650146,-0.695929,-0.654326,0.570474,0.573811,0.454836,0.437988,0.057394,0.070775,0.057842,0.063500
7.52,rad,-0.723320,-0.684600,-0.730049,-0.695929,0.600546,0.570474,0.489980,0.454836,0.052302,0.057394,0.059064,0.057842
7.54,rad,-0.748456,-0.723320,-0.745076,-0.730049,0.665743,0.600546,0.537444,0.489980,0.051792,0.052302,0.060873,0.059064
7.56,rad,-0.760223,-0.748456,-0.719548,-0.745076,0.703652,0.665743,0.589814,0.537444,0.050290,0.051792,0.058010,0.060873
7.58,rad,-0.727067,-0.760223,-0.693612,-0.719548,0.691304,0.703652,0.584069,0.589814,0.037830,0.050290,0.046699,0.058010
7.60,rad,-0.733424,-0.727067,-0.701298,-0.693612,0.675507,0.691304,0.554624,0.584069,0.018511,0.037830,0.026605,0.046699
7.62,rad,-0.750577,-0.733424,-0.711190,-0.701298,0.664304,0.675507,0.530298,0.554624,0.001433,0.018511,0.005363,0.026605
7.64,rad,-0.770635,-0.750577,-0.719288,-0.711190,0.655897,0.664304,0.525568,0.530298,-0.011646,0.001433,-0.012199,0.005363
7.66,rad,-0.808346,-0.770635,-0.757894,-0.719288,0.659594,0.655897,0.528862,0.525568,-0.019893,-0.011646,-0.021794,-0.012199
7.68,rad,-0.858532,-0.808346,-0.824020,-0.757894,0.673411,0.659594,0.535089,0.528862,-0.024665,-0.019893,-0.025402,-0.021794
7.70,rad,-0.937529,-0.858532,-0.911239,-0.824020,0.679456,0.673411,0.537918,0.535089,-0.028879,-0.024665,-0.028266,-0.025402
7.72,rad,-1.037629,-0.937529,-1.014781,-0.911239,0.678527,0.679456,0.547206,0.537918,-0.034668,-0.028879,-0.031558,-0.028266
7.74,rad,-1.145035,-1.037629,-1.117315,-1.014781,0.678304,0.678527,0.559260,0.547206,-0.041393,-0.034668,-0.035438,-0.031558
7.76,rad,-1.263276,-1.145035,-1.229804,-1.117315,0.692420,0.678304,0.587344,0.559260,-0.048599,-0.041393,-0.039994,-0.035438
7.78,rad,-1.390389,-1.263276,-1.356661,-1.229804,0.716677,0.692420,0.631979,0.587344,-0.054941,-0.048599,-0.043939,-0.039994
7.80,rad,-1.513789,-1.390389,-1.483321,-1.356661,0.742358,0.716677,0.677017,0.631979,-0.060438,-0.054941,-0.048178,-0.043939
7.82,rad,-1.634978,-1.513789,-1.603912,-1.483321,0.771810,0.742358,0.719117,0.677017,-0.065588,-0.060438,-0.052956,-0.048178
7.84,rad,-1.744479,-1.634978,-1.714373,-1.603912,0.807719,0.771810,0.762692,0.719117,-0.070871,-0.065588,-0.058327,-0.052956
7.86,rad,-1.850421,-1.744479,-1.824218,-1.714373,0.862172,0.807719,0.823789,0.762692,-0.076607,-0.070871,-0.064250,-0.058327
7.88,rad,-1.938969,-1.850421,-1.917081,-1.824218,0.930850,0.862172,0.901758,0.823789,-0.081219,-0.076607,-0.068987,-0.064250
7.90,rad,-2.028324,-1.938969,-2.007892,-1.917081,0.975452,0.930850,0.957116,0.901758,-0.080881,-0.081219,-0.068810,-0.068987
7.92,rad,-2.115134,-2.028324,-2.096870,-2.007892,0.988052,0.975452,0.981498,0.957116,-0.073131,-0.080881,-0.061725,-0.068810
7.94,rad,-2.171607,-2.115134,-2.161629,-2.096870,0.987328,0.988052,0.991067,0.981498,-0.060332,-0.073131,-0.049982,-0.061725
7.96,rad,-2.217725,-2.171607,-2.212309,-2.161629,0.978010,0.987328,0.984940,0.991067,-0.047572,-0.060332,-0.038671,-0.049982
7.98,rad,-2.243677,-2.217725,-2.241129,-2.212309,0.968571,0.978010,0.967859,0.984940,-0.038172,-0.047572,-0.030040,-0.038671
8.00,rad,-2.226358,-2.243677,-2.234829,-2.241129,0.950316,0.968571,0.942128,0.967859,-0.031348,-0.038172,-0.022705,-0.030040
8.02,rad,-2.180214,-2.226358,-2.204818,-2.234829,0.917297,0.950316,0.914865,0.942128,-0.024764,-0.031348,-0.016156,-0.022705
8.04,rad,-2.138792,-2.180214,-2.184821,-2.204818,0.888112,0.917297,0.892301,0.914865,-0.017313,-0.024764,-0.009270,-0.016156
8.06,rad,-2.109847,-2.138792,-2.167147,-2.184821,0.857925,0.888112,0.865751,0.892301,-0.007726,-0.017313,-0.002442,-0.009270
8.08,rad,-2.102908,-2.109847,-2.158856,-2.167147,0.826895,0.857925,0.837543,0.865751,0.000014,-0.007726,0.003025,-0.002442
8.10,rad,-2.092935,-2.102908,-2.133983,-2.158856,0.795627,0.826895,0.812111,0.837543,0.006647,0.000014,0.006937,0.003025
8.12,rad,-2.069850,-2.092935,-2.096543,-2.133983,0.763047,0.795627,0.783527,0.812111,0.011908,0.006647,0.009108,0.006937
8.14,rad,-2.069745,-2.069850,-2.084682,-2.096543,0.728119,0.763047,0.748686,0.783527,0.015275,0.011908,0.009706,0.009108
8.16,rad,-2.063832,-2.069745,-2.070165,-2.084682,0.691502,0.728119,0.712708,0.748686,0.016505,0.015275,0.009286,0.009706
8.18,rad,-2.044480,-2.063832,-2.045443,-2.070165,0.656535,0.691502,0.680440,0.712708,0.016178,0.016505,0.008225,0.009286
8.20,rad,-2.011959,-2.044480,-2.010272,-2.045443,0.624457,0.656535,0.652006,0.680440,0.014843,0.016178,0.006314,0.008225
8.22,rad,-1.970547,-2.011959,-1.965145,-2.010272,0.594889,0.624457,0.622616,0.652006,0.012213,0.014843,0.003353,0.006314
8.24,rad,-1.910748,-1.970547,-1.899875,-1.965145,0.562240,0.594889,0.588774,0.622616,0.008483,0.012213,-0.000464,0.003353
8.26,rad,-1.826454,-1.910748,-1.812611,-1.899875,0.529390,0.562240,0.554134,0.588774,0.003413,0.008483,-0.005578,-0.000464
8.28,rad,-1.740320,-1.826454,-1.725317,-1.812611,0.502469,0.529390,0.525956,0.554134,-0.001745,0.003413,-0.010775,-0.005578
8.30,rad,-1.645096,-1.740320,-1.631084,-1.725317,0.480627,0.502469,0.502891,0.525956,-0.006407,-0.001745,-0.015620,-0.010775
8.32,rad,-1.534816,-1.645096,-1.521277,-1.631084,0.463890,0.480627,0.484986,0.502891,-0.011137,-0.006407,-0.020544,-0.015620
8.34,rad,-1.415494,-1.534816,-1.401737,-1.521277,0.448453,0.463890,0.466813,0.484986,-0.015596,-0.011137,-0.025165,-0.020544
8.36,rad,-1.280638,-1.415494,-1.265873,-1.401737,0.433810,0.448453,0.448291,0.466813,-0.019965,-0.015596,-0.029855,-0.025165
8.38,rad,-1.135551,-1.280638,-1.129193,-1.265873,0.420810,0.433810,0.430013,0.448291,-0.024230,-0.019965,-0.034476,-0.029855
8.40,rad,-0.989781,-1.135551,-0.996015,-1.129193,0.413424,0.420810,0.416924,0.430013,-0.027458,-0.024230,-0.038167,-0.034476
8.42,rad,-0.850759,-0.989781,-0.869707,-0.996015,0.410405,0.413424,0.411158,0.416924,-0.029890,-0.027458,-0.040914,-0.038167
8.44,rad,-0.724907,-0.850759,-0.751049,-0.869707,0.409594,0.410405,0.409064,0.411158,-0.031786,-0.029890,-0.042842,-0.040914
8.46,rad,-0.601774,-0.724907,-0.627911,-0.751049,0.413246,0.409594,0.413526,0.409064,-0.033390,-0.031786,-0.044022,-0.042842
8.48,rad,-0.487652,-0.601774,-0.508695,-0.627911,0.418788,0.413246,0.425732,0.413526,-0.034582,-0.033390,-0.043866,-0.044022
8.50,rad,-0.375590,-0.487652,-0.385553,-0.508695,0.424356,0.418788,0.437072,0.425732,-0.034213,-0.034582,-0.041408,-0.043866
8.52,rad,-0.265130,-0.375590,-0.258825,-0.385553,0.430713,0.424356,0.452483,0.437072,-0.032297,-0.034213,-0.036821,-0.041408
8.54,rad,-0.162432,-0.265130,-0.134836,-0.258825,0.444746,0.430713,0.469667,0.452483,-0.027962,-0.032297,-0.029418,-0.036821
8.56,rad,-0.065226,-0.162432,-0.017837,-0.134836,0.451792,0.444746,0.467982,0.469667,-0.020995,-0.027962,-0.020414,-0.029418
8.58,rad,0.022900,-0.065226,0.094255,-0.017837,0.437380,0.451792,0.435620,0.467982,-0.012406,-0.020995,-0.011840,-0.020414
8.60,rad,0.072711,0.022900,0.167430,0.094255,0.387364,0.437380,0.358945,0.435620,-0.005440,-0.012406,-0.007436,-0.011840
8.62,rad,0.090114,0.072711,0.201433,0.167430,0.358673,0.387364,0.324279,0.358945,-0.003110,-0.005440,-0.009595,-0.007436
8.64,rad,0.109155,0.090114,0.233922,0.201433,0.323214,0.358673,0.322290,0.324279,-0.005506,-0.003110,-0.014303,-0.009595
8.66,rad,0.105105,0.109155,0.227820,0.233922,0.237042,0.323214,0.246677,0.322290,-0.011449,-0.005506,-0.020282,-0.014303
8.68,rad,0.064258,0.105105,0.185052,0.227820,0.196132,0.237042,0.190063,0.246677,-0.012525,-0.011449,-0.021018,-0.020282
8.70,rad,-0.049015,0.064258,0.080375,0.185052,0.212512,0.196132,0.175249,0.190063,-0.008152,-0.012525,-0.017081,-0.021018
8.72,rad,-0.184404,-0.049015,-0.052666,0.080375,0.277619,0.212512,0.220380,0.175249,0.002964,-0.008152,-0.004717,-0.017081
8.74,rad,-0.294712,-0.184404,-0.145896,-0.052666,0.363931,0.277619,0.297366,0.220380,0.018121,0.002964,0.011427,-0.004717
8.76,rad,-0.435922,-0.294712,-0.277353,-0.145896,0.382648,0.363931,0.356230,0.297366,0.037844,0.018121,0.034314,0.011427
8.78,rad,-0.584243,-0.435922,-0.422875,-0.277353,0.376809,0.382648,0.378644,0.356230,0.056484,0.037844,0.056554,0.034314
8.80,rad,-0.719856,-0.584243,-0.555847,-0.422875,0.348436,0.376809,0.375523,0.378644,0.067561,0.056484,0.068783,0.056554
8.82,rad,-0.869323,-0.719856,-0.712475,-0.555847,0.347593,0.348436,0.372619,0.375523,0.081822,0.067561,0.082880,0.068783
8.84,rad,-0.979096,-0.869323,-0.839850,-0.712475,0.378030,0.347593,0.394159,0.372619,0.096172,0.081822,0.096552,0.082880
8.86,rad,-1.091873,-0.979096,-0.967548,-0.839850,0.400606,0.378030,0.409611,0.394159,0.108938,0.096172,0.107958,0.096552
8.88,rad,-1.189452,-1.091873,-1.076776,-0.967548,0.407165,0.400606,0.406601,0.409611,0.121517,0.108938,0.118289,0.107958
8.90,rad,-1.276524,-1.189452,-1.169676,-1.076776,0.415505,0.407165,0.409371,0.406601,0.134410,0.121517,0.128634,0.118289
8.92,rad,-1.346027,-1.276524,-1.250414,-1.169676,0.436287,0.415505,0.429827,0.409371,0.144961,0.134410,0.137175,0.128634
8.94,rad,-1.405975,-1.346027,-1.323916,-1.250414,0.470482,0.436287,0.464138,0.429827,0.152250,0.144961,0.142738,0.137175
8.96,rad,-1.460168,-1.405975,-1.391958,-1.323916,0.506938,0.470482,0.499445,0.464138,0.157085,0.152250,0.146584,0.142738
8.98,rad,-1.513638,-1.460168,-1.455406,-1.391958,0.534187,0.506938,0.524025,0.499445,0.157978,0.157085,0.147996,0.146584
9.00,rad,-1.566506,-1.513638,-1.518046,-1.455406,0.553708,0.534187,0.538020,0.524025,0.156359,0.157978,0.147684,0.147996
9.02,rad,-1.626058,-1.566506,-1.588744,-1.518046,0.563475,0.553708,0.543233,0.538020,0.154241,0.156359,0.147167,0.147684
9.04,rad,-1.706522,-1.626058,-1.679521,-1.588744,0.567220,0.563475,0.545705,0.543233,0.150967,0.154241,0.146253,0.147167
9.06,rad,-1.806685,-1.706522,-1.786421,-1.679521,0.571003,0.567220,0.549869,0.545705,0.146898,0.150967,0.145156,0.146253
9.08,rad,-1.912866,-1.806685,-1.892695,-1.786421,0.572114,0.571003,0.553120,0.549869,0.143642,0.146898,0.144299,0.145156
9.10,rad,-2.030380,-1.912866,-2.003680,-1.892695,0.571225,0.572114,0.556346,0.553120,0.141092,0.143642,0.143612,0.144299
9.12,rad,-2.138030,-2.030380,-2.101957,-2.003680,0.564592,0.571225,0.554080,0.556346,0.138372,0.141092,0.142704,0.143612
9.14,rad,-2.201468,-2.138030,-2.155121,-2.101957,0.552714,0.564592,0.546903,0.554080,0.135705,0.138372,0.142676,0.142704
9.16,rad,-2.216779,-2.201468,-2.166300,-2.155121,0.538849,0.552714,0.536982,0.546903,0.132500,0.135705,0.142046,0.142676
9.18,rad,-2.216212,-2.216779,-2.169803,-2.166300,0.529645,0.538849,0.532538,0.536982,0.129086,0.132500,0.140082,0.142046
9.20,rad,-2.155432,-2.216212,-2.123857,-2.169803,0.519375,0.529645,0.525719,0.532538,0.124545,0.129086,0.136387,0.140082
9.22,rad,-2.058969,-2.155432,-2.052424,-2.123857,0.510721,0.519375,0.519810,0.525719,0.119118,0.124545,0.131748,0.136387
9.24,rad,-2.010040,-2.058969,-2.029488,-2.052424,0.513083,0.510721,0.524923,0.519810,0.114442,0.119118,0.127911,0.131748
9.26,rad,-1.983574,-2.010040,-2.013326,-2.029488,0.520989,0.513083,0.536325,0.524923,0.110044,0.114442,0.123059,0.127911
9.28,rad,-1.973713,-1.983574,-2.001433,-2.013326,0.528907,0.520989,0.547332,0.536325,0.106179,0.110044,0.118160,0.123059
9.30,rad,-1.972645,-1.973713,-1.990986,-2.001433,0.529608,0.528907,0.549697,0.547332,0.102352,0.106179,0.113168,0.118160
9.32,rad,-1.970805,-1.972645,-1.976394,-1.990986,0.525072,0.529608,0.547671,0.549697,0.098218,0.102352,0.107885,0.113168
9.34,rad,-1.960600,-1.970805,-1.955670,-1.976394,0.515709,0.525072,0.543175,0.547671,0.094993,0.098218,0.103801,0.107885
9.36,rad,-1.938632,-1.960600,-1.927021,-1.955670,0.506143,0.515709,0.536925,0.543175,0.092249,0.094993,0.100342,0.103801
9.38,rad,-1.912105,-1.938632,-1.897426,-1.927021,0.498765,0.506143,0.529392,0.536925,0.090104,0.092249,0.097188,0.100342
9.40,rad,-1.865417,-1.912105,-1.850659,-1.897426,0.493001,0.498765,0.520241,0.529392,0.088709,0.090104,0.094383,0.097188
9.42,rad,-1.798669,-1.865417,-1.786665,-1.850659,0.488885,0.493001,0.511531,0.520241,0.087808,0.088709,0.091891,0.094383
9.44,rad,-1.731296,-1.798669,-1.724043,-1.786665,0.484498,0.488885,0.502123,0.511531,0.087352,0.087808,0.089716,0.091891
9.46,rad,-1.658516,-1.731296,-1.654317,-1.724043,0.479133,0.484498,0.492124,0.502123,0.087402,0.087352,0.088003,0.089716
9.48,rad,-1.589678,-1.658516,-1.586071,-1.654317,0.470369,0.479133,0.478009,0.492124,0.087155,0.087402,0.086111,0.088003
9.50,rad,-1.505020,-1.589678,-1.500026,-1.586071,0.457948,0.470369,0.459173,0.478009,0.086392,0.087155,0.083778,0.086111
9.52,rad,-1.403508,-1.505020,-1.395484,-1.500026,0.447127,0.457948,0.443238,0.459173,0.084462,0.086392,0.080355,0.083778
9.54,rad,-1.295947,-1.403508,-1.283849,-1.395484,0.437865,0.447127,0.431251,0.443238,0.080971,0.084462,0.075496,0.080355
9.56,rad,-1.179020,-1.295947,-1.164745,-1.283849,0.431606,0.437865,0.422663,0.431251,0.075939,0.080971,0.068945,0.075496
9.58,rad,-1.061529,-1.179020,-1.050951,-1.164745,0.427720,0.431606,0.414129,0.422663,0.068988,0.075939,0.060281,0.068945
9.60,rad,-0.967251,-1.061529,-0.962015,-1.050951,0.428036,0.427720,0.404359,0.414129,0.060927,0.068988,0.050808,0.060281
9.62,rad,-0.892374,-0.967251,-0.891762,-0.962015,0.431850,0.428036,0.397039,0.404359,0.052402,0.060927,0.041352,0.050808
9.64,rad,-0.818352,-0.892374,-0.821058,-0.891762,0.435928,0.431850,0.394194,0.397039,0.043552,0.052402,0.032208,0.041352
9.66,rad,-0.758006,-0.818352,-0.775393,-0.821058,0.440816,0.435928,0.413652,0.394194,0.034366,0.043552,0.028727,0.032208
9.68,rad,-0.700658,-0.758006,-0.718038,-0.775393,0.440678,0.440816,0.453302,0.413652,0.025197,0.034366,0.032223,0.028727
9.70,rad,-0.666386,-0.700658,-0.680917,-0.718038,0.433183,0.440678,0.490787,0.453302,0.016701,0.025197,0.036719,0.032223
9.72,rad,-0.650920,-0.666386,-0.631381,-0.680917,0.410907,0.433183,0.516032,0.490787,0.009640,0.016701,0.036911,0.036719
9.74,rad,-0.606846,-0.650920,-0.571228,-0.631381,0.408567,0.410907,0.539306,0.516032,0.006849,0.009640,0.036575,0.036911
9.76,rad,-0.572244,-0.606846,-0.527233,-0.571228,0.424133,0.408567,0.551371,0.539306,0.005270,0.006849,0.034256,0.036575
9.78,rad,-0.523286,-0.572244,-0.496276,-0.527233,0.424531,0.424133,0.537585,0.551371,0.001995,0.005270,0.027763,0.034256
9.80,rad,-0.512110,-0.523286,-0.504859,-0.496276,0.420846,0.424531,0.510301,0.537585,-0.003780,0.001995,0.016580,0.027763
9.82,rad,-0.535542,-0.512110,-0.536395,-0.504859,0.420507,0.420846,0.489659,0.510301,-0.012290,-0.003780,0.000884,0.016580
9.84,rad,-0.563185,-0.535542,-0.554049,-0.536395,0.412470,0.420507,0.464667,0.489659,-0.020492,-0.012290,-0.014668,0.000884
9.86,rad,-0.584247,-0.563185,-0.554979,-0.554049,0.406279,0.412470,0.447121,0.464667,-0.027331,-0.020492,-0.025155,-0.014668
9.88,rad,-0.587052,-0.584247,-0.560942,-0.554979,0.408708,0.406279,0.440223,0.447121,-0.033955,-0.027331,-0.031343,-0.025155
9.90,rad,-0.561907,-0.587052,-0.542167,-0.560942,0.409319,0.408708,0.437977,0.440223,-0.043138,-0.033955,-0.038503,-0.031343
9.92,rad,-0.531887,-0.561907,-0.505343,-0.542167,0.401557,0.409319,0.432662,0.437977,-0.055543,-0.043138,-0.047348,-0.038503
9.94,rad,-0.504744,-0.531887,-0.476853,-0.505343,0.390857,0.401557,0.420898,0.432662,-0.070394,-0.055543,-0.057769,-0.047348
9.96,rad,-0.466329,-0.504744,-0.447104,-0.476853,0.383209,0.390857,0.408072,0.420898,-0.084359,-0.070394,-0.069110,-0.057769
9.98,rad,-0.433878,-0.466329,-0.423128,-0.447104,0.385558,0.383209,0.404557,0.408072,-0.095970,-0.084359,-0.080742,-0.069110
