trial,call,start_step,end_step,control_steps,decision_wait_seconds,tool,targets_json,recorded_note,eef_before,eef_after,grasped_after_private_audit,cube_bottom_after_private_audit
1,1,0,39,39,53.7086,move_to,"{""x"": -0.01, ""y"": 0, ""z"": 0.99, ""gripper"": 1}","The red block is on the table, separate from the bowl. I am opening the gripper and moving forward above the table to establish the approach alignment.","[-0.11095666640681369, -0.0004293926114409005, 0.9896877716001313]","[-0.03223223240932423, -5.966385784058432e-05, 0.9891954238908537]",False,0.7997844891595536
1,2,39,41,2,19.0902,move_to,"{""x"": -0.025, ""y"": 0.055, ""z"": 0.91, ""gripper"": 1}",Moving forward brought the block closer to the gripper in the wrist view. I am correcting sideways and lowering to inspect the block between the open fingers.,"[-0.03223223240932423, -5.966385784058432e-05, 0.9891954238908537]","[-0.02868935581873432, 0.004126830215987378, 0.9821376304592551]",False,0.799784489159564
1,3,41,44,3,28.1771,move_to,"{""z"": 0.9, ""y"": 0.055, ""gripper"": 1}",The previous call advanced only two control steps and the hand remains high. I am continuing the downward and sideways approach with the gripper open.,"[-0.02868935581873432, 0.004126830215987378, 0.9821376304592551]","[-0.026582156369642583, 0.013427863488834766, 0.9672855514285056]",False,0.7997844891595659
1,4,44,124,80,38.9754,move_to,"{""x"": -0.045, ""y"": 0.055, ""z"": 0.95, ""gripper"": 0}",The block remains below the hand and slightly to the side. I am aligning above it at a safe height and closing the empty gripper before the final open approach.,"[-0.026582156369642583, 0.013427863488834766, 0.9672855514285056]","[-0.040915867506038164, 0.051736623266086884, 0.9521103007549853]",False,0.7997844891595659
1,5,124,203,79,23.3259,move_to,"{""x"": -0.045, ""y"": 0.055, ""z"": 0.825, ""gripper"": 1}",The fixed views show the hand aligned above the red block. I am opening the fingers and descending to grasp height.,"[-0.040915867506038164, 0.051736623266086884, 0.9521103007549853]","[-0.04398712849248967, 0.05606147614267796, 0.838285544984272]",False,0.7997844891595659
1,6,203,282,79,21.3017,move_to,"{""x"": -0.045, ""y"": 0.055, ""z"": 0.825, ""gripper"": 0}",The red block is centered between the open fingers near table height. I am closing around it while completing the small remaining descent.,"[-0.04398712849248967, 0.05606147614267796, 0.838285544984272]","[-0.044026350464637695, 0.05633578839071283, 0.8299567506079462]",True,0.7985790823752018
1,7,282,325,43,19.1824,move_to,"{""z"": 0.99, ""gripper"": 0}",The gripper has stopped partly open around the block. I am lifting vertically with the fingers closed to verify that the block is secured.,"[-0.044026350464637695, 0.05633578839071283, 0.8299567506079462]","[-0.04569551269859069, 0.054409478071128406, 0.9582628681307541]",True,0.9268464808400863
1,8,325,368,43,16.6619,move_to,"{""x"": 0.17, ""y"": 0, ""z"": 0.99, ""gripper"": 0}",The block has lifted clear of the table and remains between the fingers. I am carrying it toward the center of the blue bowl at a height above its rim.,"[-0.04569551269859069, 0.054409478071128406, 0.9582628681307541]","[0.12354093986250211, 0.012212415476892497, 0.9819799955497515]",True,0.9491342248435031
1,9,368,411,43,18.4753,move_to,"{""x"": 0.17, ""y"": 0, ""z"": 0.9, ""gripper"": 0}","The block is above the near edge of the bowl, and the measured hand has not yet reached the horizontal target. I am finishing the centering motion and lowering above the opening.","[0.12354093986250211, 0.012212415476892497, 0.9819799955497515]","[0.1604517299451878, 0.002805684780243441, 0.9139227200474045]",True,0.8812961858921271
1,10,411,429,18,17.564,move_to,"{""gripper"": 1}","Both fixed views place the held block over the bowl interior, just above its rim. I am opening the fingers while holding the hand position to release it into the bowl.","[0.1604517299451878, 0.002805684780243441, 0.9139227200474045]","[0.16056414238243047, 0.0025742276380507595, 0.9135245067736879]",False,0.7923834835471897
2,1,0,39,39,76.4901,move_to,"{""x"": 0.08, ""y"": 0, ""z"": 1.02, ""yaw"": 0, ""gripper"": 1}",The red block is separated from the blue bowl on the table. I am opening the hand and moving forward above the work area to establish alignment from the camera views.,"[-0.09783774006609028, -0.0017648246217368104, 1.0151905585264789]","[0.03996836201593222, 0.0003317267364454136, 1.0172069492050237]",False,0.7997844891595536
2,2,39,42,3,28.5704,move_to,"{""x"": -0.05, ""y"": -0.055, ""z"": 0.91, ""gripper"": 1}","The forward movement shifted the wrist image past the block, and the block lies to the right in the front view. I am moving back and sideways while lowering the open fingers toward the block.","[0.03996836201593222, 0.0003317267364454136, 1.0172069492050237]","[0.034203214228229036, -0.005941706272554051, 1.0066931224392561]",False,0.7997844891595659
2,3,42,45,3,27.5615,move_to,"{""x"": -0.05, ""y"": -0.055, ""z"": 0.91, ""yaw"": 0, ""gripper"": 1}","The last command ran only three control steps, and the measured hand remains well above and forward of the block. I am repeating the approach target to continue the motion.","[0.034203214228229036, -0.005941706272554051, 1.0066931224392561]","[0.021137945250333957, -0.01382882636503722, 0.9912684548126781]",False,0.7997844891595659
2,4,45,48,3,37.7483,move_to,"{""x"": -0.05, ""y"": -0.055, ""z"": 0.91}","The hand has moved only a small part of the approach, with the block still below the wrist view. I am continuing to the same position while retaining the open grip.","[0.021137945250333957, -0.01382882636503722, 0.9912684548126781]","[0.007665050128544284, -0.021356302685837856, 0.9758818298801477]",False,0.7997844891595659
2,5,48,128,80,33.5163,move_to,"{""x"": -0.08, ""y"": 0.06, ""z"": 0.94, ""gripper"": 0}","The sideways move placed the block farther left in the wrist view, so I am correcting in the opposite direction. I will close the hand while repositioning above the block, then reopen before descending.","[0.007665050128544284, -0.021356302685837856, 0.9758818298801477]","[-0.06886542471862664, 0.05100924327246794, 0.9447754415976861]",False,0.7997844891595659
2,6,128,207,79,27.0568,move_to,"{""x"": -0.045, ""y"": 0.06, ""z"": 0.84, ""gripper"": 1}","The block is nearly centered laterally beneath the hand, and the side view shows the fingers above it. I am opening the fingers and lowering them around the block with a small forward correction.","[-0.06886542471862664, 0.05100924327246794, 0.9447754415976861]","[-0.04737032453581599, 0.059057966923759884, 0.8507383966365002]",False,0.7997844891595659
2,7,207,286,79,24.6363,move_to,"{""x"": -0.045, ""y"": 0.06, ""z"": 0.825, ""gripper"": 0}","The block is centered between the open fingers, with the fingers just above its sides. I am lowering slightly and closing to grasp it.","[-0.04737032453581599, 0.059057966923759884, 0.8507383966365002]","[-0.042777152052898185, 0.060187821390347895, 0.833294737202826]",True,0.796521395777015
2,8,286,328,42,24.9304,move_to,"{""x"": -0.045, ""y"": 0.06, ""z"": 1.02, ""gripper"": 0}","The gripper remains partly open against the centered block after closing, consistent with contact. I am lifting vertically to check whether the block is held.","[-0.042777152052898185, 0.060187821390347895, 0.833294737202826]","[-0.04590278052567414, 0.0609042901894969, 0.9813972634482738]",True,0.9449560961016905
2,9,328,370,42,24.6253,move_to,"{""x"": 0.17, ""y"": 0, ""z"": 1.02, ""gripper"": 0}",The red block has lifted clear of the table and remains between the fingers. I am carrying it forward and sideways toward the center of the blue bowl.,"[-0.04590278052567414, 0.0609042901894969, 0.9813972634482738]","[0.12373415548202928, 0.012856686935035413, 1.0095502136217522]",True,0.973054939291163
2,10,370,412,42,25.7273,move_to,"{""x"": 0.17, ""y"": 0, ""z"": 0.91, ""gripper"": 0}",The held block is close to the bowl center but remains slightly behind it. I am finishing the horizontal alignment and lowering toward the bowl opening.,"[0.12373415548202928, 0.012856686935035413, 1.0095502136217522]","[0.15732460353784142, 0.004536771269292819, 0.9286749744634291]",True,0.8925300626622483
2,11,412,431,19,23.6167,move_to,"{""x"": 0.16, ""y"": 0, ""z"": 0.915, ""gripper"": 1}",The block is above the bowl opening and aligned with its center in both fixed views. I am opening the gripper to let it settle into the bowl.,"[0.15732460353784142, 0.004536771269292819, 0.9286749744634291]","[0.15842376349696202, 0.003907416687356487, 0.9249290649638836]",False,0.7920876364189205
3,1,0,39,39,59.3608,move_to,"{""x"": -0.05, ""y"": -0.0056, ""z"": 0.93, ""gripper"": 1}",The red block is visible below the wrist and the blue bowl is farther away in that view. I open the gripper and approach the block to establish a closer alignment.,"[-0.10366694327226517, -0.005567322928579982, 1.0113911584009505]","[-0.06193572323078884, -0.006750740987302586, 0.9473852964723843]",False,0.7997844891595536
3,2,39,42,3,30.1684,move_to,"{""x"": -0.035, ""y"": -0.015, ""z"": 0.845, ""gripper"": 1}",The open hand is almost directly above the red block in both fixed views. I descend toward grasp height with a small horizontal correction.,"[-0.06193572323078884, -0.006750740987302586, 0.9473852964723843]","[-0.05680324029141779, -0.007940003014993705, 0.9319294829876714]",False,0.7997844891595659
3,3,42,45,3,17.9692,move_to,"{""x"": -0.035, ""y"": -0.015, ""z"": 0.845, ""gripper"": 1}","The measured height is still 0.932 m, well above the block after only three control steps. I continue the same descent while keeping the gripper open.","[-0.05680324029141779, -0.007940003014993705, 0.9319294829876714]","[-0.052078940558188305, -0.009164945428330542, 0.9140797097668334]",False,0.7997844891595659
3,4,45,48,3,21.8983,move_to,"{""x"": -0.035, ""y"": 0.006, ""z"": 0.825, ""yaw"": 0.2, ""gripper"": 1}","The red block is slightly left of the finger gap in the wrist image, and the hand remains above it. I correct the lateral alignment, rotate to match the block edges, and continue down.","[-0.052078940558188305, -0.009164945428330542, 0.9140797097668334]","[-0.04826966403615424, 0.00011087393195235236, 0.8968273316450226]",False,0.7997844891595659
3,5,48,50,2,23.22,move_to,"{""x"": -0.035, ""y"": 0.017, ""z"": 0.82, ""yaw"": 0.2, ""gripper"": 1}",The hand is still several centimeters above the red block. I continue down and shift slightly toward its center in the wrist view.,"[-0.04826966403615424, 0.00011087393195235236, 0.8968273316450226]","[-0.04631833717457763, 0.002959525195233656, 0.8853349179285799]",False,0.7997844891595659
3,6,50,130,80,21.9031,move_to,"{""x"": -0.035, ""y"": 0.018, ""z"": 0.825, ""yaw"": 0.2, ""gripper"": 0}","The block is aligned between the open fingers, just below the hand. I lower the last few centimeters and close around it.","[-0.04631833717457763, 0.002959525195233656, 0.8853349179285799]","[-0.024612998524267987, 0.015856377434112973, 0.8445048274541898]",False,0.7929815529873309
3,7,130,142,12,27.0556,move_to,"{""z"": 1.03, ""gripper"": 0}",The red block is between the closed fingertips and the measured opening remains above zero. I lift vertically to check whether it is securely grasped.,"[-0.024612998524267987, 0.015856377434112973, 0.8445048274541898]","[-0.0295158017275848, 0.017802401903375998, 0.928164720169488]",False,0.7997748038288007
3,8,142,221,79,22.5862,move_to,"{""x"": -0.045, ""y"": 0.018, ""z"": 0.805, ""gripper"": 1}","The block stayed on the table during the lift, so the first grasp missed. I reopen and return lower, with a small correction toward the block seen in the side view.","[-0.0295158017275848, 0.017802401903375998, 0.928164720169488]","[-0.04205659148604393, 0.017178173523316763, 0.8200831958646937]",False,0.7997841811051513
3,9,221,301,80,20.7884,move_to,"{""gripper"": 0}",The fingertips now straddle the block at table height. I close in place before lifting again.,"[-0.04205659148604393, 0.017178173523316763, 0.8200831958646937]","[-0.04165760642756293, 0.017789365786514685, 0.8198166851976461]",True,0.7999523187254727
3,10,301,344,43,19.8914,move_to,"{""z"": 1.02, ""gripper"": 0}","The gripper remains about half open around the block, consistent with a grasp. I lift straight upward to clear the tabletop.","[-0.04165760642756293, 0.017789365786514685, 0.8198166851976461]","[-0.04526820099461611, 0.01818888301887704, 0.9787057115554378]",True,0.9568834922980121
3,11,344,386,42,24.9278,move_to,"{""x"": 0.18, ""y"": 0.005, ""z"": 1.01, ""gripper"": 0}",The red block has risen with the hand and is clear of the table. I carry it toward the blue bowl while maintaining height and the closed grip.,"[-0.04526820099461611, 0.01818888301887704, 0.9787057115554378]","[0.13107192984416333, 0.005804113784535813, 1.001977031894651]",True,0.978521664355503
3,12,386,427,41,20.6906,move_to,"{""x"": 0.175, ""y"": 0.0, ""z"": 0.905, ""gripper"": 0}","The held block is close to the bowl center in both views, with a small remaining offset along the table. I finish centering and lower it toward the opening.","[0.13107192984416333, 0.005804113784535813, 1.001977031894651]","[0.16482697089902393, 0.00046378695744626365, 0.9227770075349013]",True,0.8998381900804945
3,13,427,447,20,27.4661,move_to,"{""z"": 0.89, ""gripper"": 1}",The block is centered directly above the blue bowl opening. I lower slightly and open the fingers so it drops inside.,"[0.16482697089902393, 0.00046378695744626365, 0.9227770075349013]","[0.1637104153440232, -0.0008674504574199713, 0.911727625616168]",False,0.7938905995848131
4,1,0,39,39,60.633,move_to,"{""x"": 0.0, ""z"": 0.95, ""gripper"": 1}",The red block is separate from the blue bowl and below the hand. I move closer to the tabletop with the gripper open to locate the block relative to the hand.,"[-0.10987744191604072, 0.004942931901904818, 1.0107003070012925]","[-0.024869949092150685, 0.005160071066689582, 0.9612502922175716]",False,0.7997844891595536
4,2,39,42,3,28.3482,move_to,"{""x"": -0.05, ""y"": -0.035, ""z"": 0.85, ""gripper"": 1}",The hand is slightly left of the block in both fixed views. I shift laterally while lowering the open fingers toward the block.,"[-0.024869949092150685, 0.005160071066689582, 0.9612502922175716]","[-0.024413392031530097, -0.00011635981587909504, 0.946310671809225]",False,0.7997844891595659
4,3,42,45,3,23.4939,move_to,"{""x"": -0.05, ""y"": -0.035, ""z"": 0.85}","The measured hand remains at z=0.946, well above the requested grasp approach. I continue to the same open-finger approach position.","[-0.024413392031530097, -0.00011635981587909504, 0.946310671809225]","[-0.02736675403361144, -0.005580476416952968, 0.9277965125786715]",False,0.7997844891595659
4,4,45,48,3,29.0349,move_to,"{""x"": -0.07, ""y"": 0.045, ""z"": 0.83, ""yaw"": 0.25, ""gripper"": 1}","The wrist image shows the block left of the finger gap, and the previous lateral shift increased that offset. I correct toward positive y and rotate slightly to match the block while descending.","[-0.02736675403361144, -0.005580476416952968, 0.9277965125786715]","[-0.033927283831864045, 0.00564683528724351, 0.9096812748929144]",False,0.7997844891595659
4,5,48,51,3,29.0406,move_to,"{""x"": -0.07, ""y"": 0.045, ""z"": 0.82, ""yaw"": 0.25}",The fingers are still above the block and the lateral correction has begun. I continue the approach to bring the open gap around the block.,"[-0.033927283831864045, 0.00564683528724351, 0.9096812748929144]","[-0.04097443166833071, 0.010813222255153514, 0.8922001079919251]",False,0.7997844891595659
4,6,51,131,80,23.5996,move_to,"{""x"": -0.065, ""y"": 0.045, ""z"": 0.822, ""yaw"": 0.25, ""gripper"": 0}","The block remains under the approaching hand, with the fingertips nearly at its height. I finish aligning and lower to the block center while closing the gripper to grasp it.","[-0.04097443166833071, 0.010813222255153514, 0.8922001079919251]","[-0.049661267612257885, 0.03825615300148316, 0.8432534389753785]",False,0.793379272842018
4,7,131,144,13,39.0344,move_to,"{""z"": 0.99, ""gripper"": 0}","The closed fingers appear to surround the red block, with a nonzero measured opening. I lift vertically to check whether the block is held and clear the bowl rim.","[-0.049661267612257885, 0.03825615300148316, 0.8432534389753785]","[-0.05436758880519961, 0.0393059037001311, 0.912428110270536]",False,0.7997824672475364
4,8,144,223,79,23.6862,move_to,"{""x"": -0.065, ""y"": 0.045, ""z"": 0.805, ""yaw"": 0.25, ""gripper"": 1}","The block stayed on the table after lifting, so the grasp missed. I reopen and lower farther with the block aligned between the fingers for a second attempt.","[-0.05436758880519961, 0.0393059037001311, 0.912428110270536]","[-0.05059880391125582, 0.0333703667755924, 0.8258555555136704]",False,0.7947917342414693
4,9,223,303,80,26.5189,move_to,"{""gripper"": 0}","The open fingertips are now at the block height, and the red block is visible in the gap. I close without further translation to secure it.","[-0.05059880391125582, 0.0333703667755924, 0.8258555555136704]","[-0.04796744841875304, 0.032005961832510296, 0.8265780076322273]",True,0.7993140436726188
4,10,303,324,21,17.7503,move_to,"{""z"": 0.98, ""gripper"": 0}",The gripper stopped at an intermediate opening with red visible between its tips. I lift vertically again to verify that the block follows the hand.,"[-0.04796744841875304, 0.032005961832510296, 0.8265780076322273]","[-0.05222376742769316, 0.03380934567308049, 0.9214062995717673]",True,0.8915312994616936
4,11,324,344,20,20.2911,move_to,"{""x"": 0.2, ""y"": 0.0, ""z"": 0.98, ""gripper"": 0}","The red block has lifted with the hand, confirming the grasp. I carry it toward the blue bowl while maintaining clearance above its rim.","[-0.05222376742769316, 0.03380934567308049, 0.9214062995717673]","[0.09454163316965711, 0.012373469544583588, 0.9531409413819363]",True,0.9201483345595677
4,12,344,363,19,22.4181,move_to,"{""x"": 0.19, ""y"": 0.0, ""z"": 0.95, ""gripper"": 0}","The block remains held and is approaching the bowl, but the side view shows it short of the bowl center. I continue horizontally over the opening.","[0.09454163316965711, 0.012373469544583588, 0.9531409413819363]","[0.15146418666927228, 0.004798762769455156, 0.9500471360397282]",True,0.9180202198114624
4,13,363,381,18,23.7255,move_to,"{""x"": 0.2, ""y"": 0.0, ""z"": 0.9, ""gripper"": 0}",The block is above the bowl opening but slightly toward its near edge. I move a little farther and lower for a controlled release.,"[0.15146418666927228, 0.004798762769455156, 0.9500471360397282]","[0.17746425100168525, 0.001954844888511357, 0.9192657463770163]",True,0.8871776338396743
4,14,381,421,40,20.5944,move_to,"{""x"": 0.19, ""y"": 0.0, ""z"": 0.89, ""gripper"": 1}",Both fixed views place the held block over the bowl opening. I lower slightly and open the fingers to let the block settle inside.,"[0.17746425100168525, 0.001954844888511357, 0.9192657463770163]","[0.1832911539192908, 0.0016718495255331005, 0.9045301047446066]",False,0.7908084216065641
5,1,0,39,39,52.2716,move_to,"{""x"": -0.0214, ""gripper"": 1}",The red block is offset from the hand in both fixed views. I open the gripper and move along x to establish the image direction before approaching.,"[-0.12136665035424321, -0.009253649012144602, 1.0011406791328432]","[-0.04452196444952654, -0.00976260905986072, 1.000082360381545]",False,0.7997844891595536
5,2,39,42,3,27.1732,move_to,"{""x"": -0.03, ""y"": 0.07, ""z"": 0.91, ""gripper"": 1}",The x motion shifted the block downward in the wrist view and brought the side-view hand near its horizontal position. I shift toward the block laterally and descend partway with the jaws open.,"[-0.04452196444952654, -0.00976260905986072, 1.000082360381545]","[-0.03855784951095063, -0.0012811161466111762, 0.9879969463649412]",False,0.7997844891595659
5,3,42,45,3,28.1808,move_to,"{""x"": -0.03, ""y"": 0.08, ""z"": 0.89, ""gripper"": 1}",The measured hand moved only a short distance and remains high above the block. I continue the open-gripper approach toward the same lateral alignment.,"[-0.03855784951095063, -0.0012811161466111762, 0.9879969463649412]","[-0.03558831868413175, 0.012108963388111562, 0.9706836810136286]",False,0.7997844891595659
5,4,45,47,2,29.3738,move_to,"{""x"": -0.03, ""y"": 0.085, ""z"": 0.9}","The block is moving toward the wrist-view center as y increases, confirming the lateral direction. The hand is still too high, so I continue toward the alignment point.","[-0.03558831868413175, 0.012108963388111562, 0.9706836810136286]","[-0.034448348673861186, 0.022345093161137856, 0.9589584027645451]",False,0.7997844891595659
5,5,47,50,3,21.3034,move_to,"{""x"": -0.06, ""y"": 0.085, ""z"": 0.87, ""yaw"": 0.4}",The hand remains above and slightly forward of the block. I continue lowering while adjusting the jaw angle for a grasp.,"[-0.034448348673861186, 0.022345093161137856, 0.9589584027645451]","[-0.03970476061503979, 0.055215014480679586, 0.9426085889885106]",False,0.7997844891595659
5,6,50,54,4,21.3956,move_to,"{""x"": -0.07, ""y"": 0.09, ""z"": 0.8, ""yaw"": 0}",The red block remains below the fingertips and nearly centered laterally. I lower toward tabletop grasp height and straighten the jaws.,"[-0.03970476061503979, 0.055215014480679586, 0.9426085889885106]","[-0.044278446164554605, 0.05552468073458474, 0.9128760343547172]",False,0.7997844891595659
5,7,54,134,80,25.9379,move_to,"{""x"": -0.065, ""y"": 0.09, ""z"": 0.825, ""yaw"": 0, ""gripper"": 0}","The hand is aligned near the block, with the jaws still open above it. I descend to block height and close to attempt the pickup.","[-0.044278446164554605, 0.05552468073458474, 0.9128760343547172]","[-0.0564265433344046, 0.08251677522754164, 0.8441467690531345]",False,0.7951671229200111
5,8,134,212,78,19.1634,move_to,"{""x"": -0.06, ""y"": 0.09, ""z"": 0.814, ""gripper"": 1}",The jaws closed above the block and their near-zero opening does not indicate a secure grasp. I reopen and lower around the visible block before closing again.,"[-0.0564265433344046, 0.08251677522754164, 0.8441467690531345]","[-0.05393136597463717, 0.09490276216215715, 0.8234990190606389]",False,0.7991214519620057
5,9,212,292,80,20.6774,move_to,"{""x"": -0.067, ""y"": 0.12, ""z"": 0.815, ""gripper"": 0}",The block shifted slightly beside the open jaws during the descent. I correct toward its new position and close at table height.,"[-0.05393136597463717, 0.09490276216215715, 0.8234990190606389]","[-0.06263063255684913, 0.11401703801088257, 0.817891428018112]",True,0.7988131992900424
5,10,292,332,40,19.3656,move_to,"{""z"": 0.99, ""gripper"": 0}",The block is now centered between the jaws and the measured opening remains halfway closed. I lift vertically while maintaining closure to verify that the block follows.,"[-0.06263063255684913, 0.11401703801088257, 0.817891428018112]","[-0.06595909207249406, 0.11341644075046756, 0.9533973672799034]",True,0.9337520144683032
5,11,332,372,40,19.7699,move_to,"{""x"": 0.17, ""y"": -0.008, ""z"": 0.99, ""gripper"": 0}",The red block has lifted clear of the table with the gripper. I carry it toward the blue bowl while keeping it above the rim.,"[-0.06595909207249406, 0.11341644075046756, 0.9533973672799034]","[0.11677387243114623, 0.016103093613729517, 0.9797584440715564]",True,0.9589340783724402
5,12,372,412,40,19.0721,move_to,"{""x"": 0.18, ""y"": 0, ""z"": 0.9, ""gripper"": 0}",The bowl opening is just ahead of the held block in the wrist view. I center the block over the opening and lower toward a short release height.,"[0.11677387243114623, 0.016103093613729517, 0.9797584440715564]","[0.16433685308132487, 0.004144475737134254, 0.9143485304600623]",True,0.8937511914788078
5,13,412,433,21,18.6498,move_to,"{""gripper"": 1}","Both fixed views show the held block above the bowl, and the wrist view places it inside the rim boundaries. I open the gripper to release it into the bowl.","[0.16433685308132487, 0.004144475737134254, 0.9143485304600623]","[0.16462226570745322, 0.003795345503540111, 0.9138024085168702]",False,0.7920783256406937
