time_s,unit,isaac_d00_roll,isaac_d00_pitch,isaac_d20_roll,isaac_d20_pitch,mujoco_d00_roll,mujoco_d00_pitch,mujoco_d20_roll,mujoco_d20_pitch
0.00,rad,-0.010665,-0.114290,-0.010665,-0.114290,-0.010665,-0.114290,-0.010665,-0.114290
0.02,rad,-0.006525,-0.084690,-0.006525,-0.084690,0.000993,-0.066691,0.000993,-0.066691
0.04,rad,-0.001674,-0.060002,0.000133,-0.053938,0.001199,-0.023455,0.001802,-0.022739
0.06,rad,-0.009082,-0.069063,-0.002998,-0.058133,-0.010313,-0.016280,-0.007484,-0.010675
0.08,rad,-0.033368,-0.100633,-0.031582,-0.089318,-0.033319,-0.039721,-0.032377,-0.025153
0.10,rad,-0.044178,-0.139810,-0.057785,-0.123257,-0.041565,-0.078941,-0.053627,-0.050652
0.12,rad,-0.039497,-0.169264,-0.061148,-0.155246,-0.033769,-0.111367,-0.051908,-0.085014
0.14,rad,-0.037233,-0.178381,-0.045291,-0.180913,-0.028380,-0.121675,-0.032608,-0.121541
0.16,rad,-0.037788,-0.179980,-0.031117,-0.184838,-0.033023,-0.112130,-0.018334,-0.136759
0.18,rad,-0.036938,-0.182122,-0.032928,-0.172052,-0.036315,-0.108824,-0.019011,-0.126161
0.20,rad,-0.036459,-0.183695,-0.034289,-0.176088,-0.031628,-0.116399,-0.025490,-0.108501
0.22,rad,-0.027779,-0.192205,-0.034337,-0.185474,-0.018205,-0.127404,-0.024003,-0.111845
0.24,rad,-0.020110,-0.200090,-0.031884,-0.194687,-0.005056,-0.140745,-0.012408,-0.122327
0.26,rad,-0.013188,-0.204441,-0.020395,-0.200047,0.006859,-0.151042,0.004459,-0.129265
0.28,rad,-0.009023,-0.209227,-0.012182,-0.197933,0.018042,-0.151483,0.018615,-0.119936
0.30,rad,-0.013380,-0.215089,-0.010189,-0.198610,0.019078,-0.153687,0.030447,-0.098833
0.32,rad,-0.014868,-0.214637,-0.010087,-0.200953,0.019801,-0.157675,0.040811,-0.083468
0.34,rad,-0.006325,-0.209784,-0.012339,-0.200583,0.025024,-0.158715,0.041688,-0.092948
0.36,rad,0.006544,-0.204980,-0.010206,-0.196368,0.032972,-0.158994,0.043065,-0.101406
0.38,rad,0.016218,-0.200604,0.000826,-0.190519,0.040775,-0.158891,0.049055,-0.103896
0.40,rad,0.020277,-0.194164,0.014018,-0.185686,0.046476,-0.157166,0.057615,-0.109231
0.42,rad,0.021264,-0.183872,0.022046,-0.181720,0.049508,-0.154737,0.063361,-0.117940
0.44,rad,0.019758,-0.171663,0.022395,-0.175780,0.049867,-0.152356,0.062669,-0.124760
0.46,rad,0.017122,-0.159039,0.016640,-0.166277,0.047795,-0.149875,0.054940,-0.129873
0.48,rad,0.014179,-0.146875,0.008073,-0.154509,0.043977,-0.147174,0.049076,-0.135043
0.50,rad,0.010059,-0.136345,-0.000615,-0.142998,0.040722,-0.145757,0.043675,-0.139675
0.52,rad,0.005512,-0.129016,0.004214,-0.144952,0.037791,-0.145127,0.036327,-0.142177
0.54,rad,0.012079,-0.132175,0.011880,-0.147694,0.034613,-0.143980,0.033090,-0.147645
0.56,rad,0.019803,-0.133842,0.018011,-0.147863,0.031147,-0.142391,0.028546,-0.150937
0.58,rad,0.024453,-0.134874,0.021439,-0.148006,0.027339,-0.140735,0.020121,-0.149769
0.60,rad,0.027138,-0.136015,0.021659,-0.149893,0.026381,-0.141050,0.011168,-0.149912
0.62,rad,0.027844,-0.138172,0.020458,-0.152591,0.029551,-0.143020,0.004369,-0.153884
0.64,rad,0.027941,-0.140889,0.019399,-0.155919,0.031915,-0.143256,0.002114,-0.158659
0.66,rad,0.027979,-0.144251,0.019894,-0.159147,0.033007,-0.143235,0.006646,-0.160737
0.68,rad,0.027848,-0.147628,0.022205,-0.162142,0.033170,-0.143632,0.014785,-0.161280
0.70,rad,0.026842,-0.150124,0.022939,-0.165554,0.032879,-0.144931,0.018100,-0.163745
0.72,rad,0.022852,-0.151448,0.022901,-0.166391,0.032857,-0.147089,0.015178,-0.167164
0.74,rad,0.019445,-0.151227,0.020860,-0.165608,0.032098,-0.148521,0.013604,-0.169021
0.76,rad,0.017207,-0.150571,0.015418,-0.164559,0.032140,-0.150132,0.015966,-0.170306
0.78,rad,0.016179,-0.150085,0.013436,-0.162556,0.032340,-0.151123,0.019633,-0.170371
0.80,rad,0.016256,-0.149738,0.013826,-0.159796,0.032504,-0.151642,0.022084,-0.168405
0.82,rad,0.017320,-0.149365,0.015700,-0.156648,0.032755,-0.152014,0.021353,-0.165791
0.84,rad,0.019195,-0.148846,0.017333,-0.153163,0.033051,-0.152190,0.017928,-0.163994
0.86,rad,0.021655,-0.148188,0.017138,-0.148651,0.033363,-0.152125,0.012860,-0.162280
0.88,rad,0.024394,-0.147522,0.016836,-0.145152,0.033754,-0.151899,0.007361,-0.159431
0.90,rad,0.027066,-0.146984,0.019424,-0.145260,0.034124,-0.151380,0.010342,-0.160595
0.92,rad,0.029364,-0.146624,0.026345,-0.145926,0.034431,-0.150479,0.015014,-0.159833
0.94,rad,0.031096,-0.146442,0.032111,-0.145243,0.034641,-0.149243,0.017061,-0.156256
0.96,rad,0.032198,-0.146458,0.035356,-0.144785,0.034689,-0.147687,0.016228,-0.152693
0.98,rad,0.032714,-0.146701,0.036570,-0.145406,0.034628,-0.145957,0.014730,-0.148892
1.00,rad,0.032758,-0.147132,0.036657,-0.147193,0.034462,-0.144223,0.014358,-0.145559
1.02,rad,0.032478,-0.147691,0.035979,-0.149549,0.034250,-0.142617,0.016258,-0.143291
1.04,rad,0.032029,-0.148314,0.034685,-0.151386,0.033904,-0.141135,0.020574,-0.142330
1.06,rad,0.031561,-0.148928,0.032718,-0.152133,0.033458,-0.139795,0.019934,-0.146384
1.08,rad,0.031177,-0.149479,0.026765,-0.152292,0.032933,-0.138596,0.016094,-0.151001
1.10,rad,0.030942,-0.149949,0.021226,-0.150987,0.032378,-0.137606,0.013277,-0.153856
1.12,rad,0.030900,-0.150348,0.018044,-0.149332,0.031882,-0.136777,0.012216,-0.156776
1.14,rad,0.031054,-0.150669,0.016637,-0.147881,0.031516,-0.136141,0.011014,-0.161248
1.16,rad,0.031378,-0.150916,0.016707,-0.147056,0.031243,-0.135579,0.011829,-0.164753
1.18,rad,0.031826,-0.151103,0.016959,-0.146269,0.030875,-0.134934,0.013749,-0.166691
1.20,rad,0.032342,-0.151267,0.019253,-0.145878,0.030669,-0.134331,0.014957,-0.167759
1.22,rad,0.032875,-0.151419,0.023654,-0.145107,0.030442,-0.133663,0.014931,-0.167752
1.24,rad,0.033391,-0.151552,0.027975,-0.143512,0.030347,-0.132906,0.013264,-0.165733
1.26,rad,0.033860,-0.151680,0.031297,-0.142139,0.030430,-0.132208,0.010752,-0.162502
1.28,rad,0.034271,-0.151826,0.033066,-0.141731,0.030504,-0.131505,0.009171,-0.160035
1.30,rad,0.034619,-0.152003,0.033537,-0.142060,0.030695,-0.130816,0.009202,-0.158400
1.32,rad,0.034897,-0.152249,0.033204,-0.142686,0.030981,-0.130256,0.009241,-0.154327
1.34,rad,0.035112,-0.152611,0.032082,-0.143607,0.031074,-0.129909,0.011125,-0.146875
1.36,rad,0.035273,-0.153065,0.030915,-0.144460,0.031215,-0.129696,0.016008,-0.138591
1.38,rad,0.035389,-0.153554,0.030051,-0.145214,0.031540,-0.129734,0.020759,-0.133701
1.40,rad,0.035479,-0.154025,0.029625,-0.145845,0.032056,-0.129999,0.019580,-0.136233
1.42,rad,0.035561,-0.154443,0.029632,-0.146282,0.032819,-0.130294,0.015233,-0.139539
1.44,rad,0.035640,-0.154792,0.030007,-0.146484,0.033804,-0.130772,0.011990,-0.142547
1.46,rad,0.035720,-0.155067,0.030679,-0.146488,0.034840,-0.131349,0.011857,-0.145083
1.48,rad,0.035802,-0.155266,0.031565,-0.146402,0.035854,-0.131738,0.013411,-0.147642
1.50,rad,0.035889,-0.155389,0.032575,-0.146323,0.036881,-0.132169,0.015535,-0.149632
1.52,rad,0.035967,-0.155426,0.033632,-0.146312,0.037888,-0.132602,0.017335,-0.151172
1.54,rad,0.036015,-0.155375,0.034665,-0.146377,0.038615,-0.132887,0.018327,-0.152195
1.56,rad,0.036020,-0.155269,0.035602,-0.146512,0.039245,-0.133075,0.018568,-0.152406
1.58,rad,0.035985,-0.155172,0.036415,-0.146735,0.039878,-0.133291,0.018908,-0.152038
1.60,rad,0.035919,-0.155130,0.037098,-0.147095,0.040450,-0.133584,0.020216,-0.151160
1.62,rad,0.035816,-0.155132,0.037668,-0.147619,0.041058,-0.133908,0.020889,-0.149573
1.64,rad,0.035675,-0.155128,0.038140,-0.148275,0.041569,-0.134422,0.020868,-0.148139
1.66,rad,0.035518,-0.155073,0.038517,-0.148984,0.042113,-0.134969,0.020593,-0.147076
1.68,rad,0.035370,-0.154921,0.038827,-0.149667,0.042641,-0.135362,0.020459,-0.146159
1.70,rad,0.035248,-0.154660,0.039100,-0.150256,0.043126,-0.135642,0.020833,-0.145150
1.72,rad,0.035166,-0.154329,0.039353,-0.150712,0.043517,-0.135870,0.021995,-0.143776
1.74,rad,0.035132,-0.153996,0.039604,-0.151056,0.043843,-0.136008,0.023559,-0.142201
1.76,rad,0.035118,-0.153698,0.039858,-0.151344,0.044045,-0.136025,0.025072,-0.140466
1.78,rad,0.035087,-0.153487,0.040089,-0.151625,0.044041,-0.136102,0.026628,-0.138703
1.80,rad,0.034994,-0.153377,0.040261,-0.151957,0.043820,-0.136340,0.028145,-0.137259
1.82,rad,0.034812,-0.153353,0.040327,-0.152357,0.043674,-0.136481,0.029630,-0.136280
1.84,rad,0.034546,-0.153400,0.040261,-0.152814,0.043362,-0.136831,0.030839,-0.136050
1.86,rad,0.034222,-0.153472,0.040065,-0.153305,0.042894,-0.137331,0.031695,-0.136299
1.88,rad,0.033868,-0.153484,0.039765,-0.153774,0.042490,-0.137642,0.032520,-0.136921
1.90,rad,0.033542,-0.153409,0.039389,-0.154137,0.042156,-0.137829,0.033436,-0.137789
1.92,rad,0.033286,-0.153252,0.038993,-0.154341,0.041862,-0.137952,0.034345,-0.138876
1.94,rad,0.033116,-0.153018,0.038625,-0.154392,0.041585,-0.137983,0.035518,-0.140107
1.96,rad,0.033031,-0.152710,0.038315,-0.154291,0.041995,-0.137662,0.036491,-0.141411
1.98,rad,0.033007,-0.152338,0.038065,-0.154043,0.042139,-0.137668,0.037453,-0.142679
2.00,rad,0.033010,-0.151942,0.037863,-0.153668,0.041560,-0.137633,0.038236,-0.143822
2.02,rad,0.032997,-0.151643,0.037676,-0.153225,0.041169,-0.137272,0.038958,-0.144914
2.04,rad,0.032952,-0.151537,0.037459,-0.152834,0.040662,-0.137084,0.039498,-0.145953
2.06,rad,0.032866,-0.151568,0.037187,-0.152593,0.040260,-0.136924,0.039903,-0.147093
2.08,rad,0.032752,-0.151607,0.036846,-0.152466,0.039843,-0.136821,0.040195,-0.148127
2.10,rad,0.032643,-0.151585,0.036427,-0.152321,0.039592,-0.136622,0.040128,-0.149199
2.12,rad,0.032568,-0.151519,0.035966,-0.152072,0.039209,-0.136459,0.040160,-0.149960
2.14,rad,0.032532,-0.151452,0.035498,-0.151719,0.038918,-0.136171,0.039871,-0.150925
2.16,rad,0.032528,-0.151409,0.035078,-0.151333,0.038656,-0.135849,0.039412,-0.151642
2.18,rad,0.032540,-0.151387,0.034722,-0.150969,0.038387,-0.135591,0.038852,-0.151925
2.20,rad,0.032556,-0.151352,0.034412,-0.150612,0.037977,-0.135242,0.038216,-0.152101
2.22,rad,0.032570,-0.151254,0.034138,-0.150236,0.037789,-0.134791,0.037535,-0.152198
2.24,rad,0.032592,-0.151089,0.033882,-0.149791,0.037583,-0.134277,0.036804,-0.152083
2.26,rad,0.032616,-0.150896,0.033654,-0.149275,0.037220,-0.133747,0.036025,-0.151651
2.28,rad,0.032626,-0.150737,0.033437,-0.148724,0.037088,-0.133218,0.035218,-0.150938
2.30,rad,0.032608,-0.150640,0.033208,-0.148179,0.036738,-0.132833,0.034312,-0.150039
2.32,rad,0.032551,-0.150630,0.032960,-0.147704,0.036529,-0.132455,0.033380,-0.149001
2.34,rad,0.032458,-0.150714,0.032682,-0.147336,0.036342,-0.132308,0.032450,-0.147951
2.36,rad,0.032349,-0.150880,0.032382,-0.147086,0.036000,-0.132242,0.031477,-0.146905
2.38,rad,0.032249,-0.151130,0.032086,-0.146939,0.035767,-0.132338,0.030559,-0.145930
2.40,rad,0.032189,-0.151470,0.031838,-0.146889,0.035637,-0.132554,0.029576,-0.145146
2.42,rad,0.032188,-0.151939,0.031682,-0.146946,0.035628,-0.132990,0.028755,-0.144327
2.44,rad,0.032253,-0.152558,0.031656,-0.147164,0.035692,-0.133624,0.027981,-0.143741
2.46,rad,0.032370,-0.153283,0.031779,-0.147572,0.035793,-0.134354,0.027412,-0.143309
2.48,rad,0.032540,-0.154042,0.032031,-0.148142,0.035925,-0.135106,0.026957,-0.143014
2.50,rad,0.032766,-0.154784,0.032387,-0.148792,0.036097,-0.135825,0.026613,-0.142844
2.52,rad,0.033033,-0.155417,0.032824,-0.149457,0.036312,-0.136414,0.026388,-0.142635
2.54,rad,0.033303,-0.155850,0.033303,-0.150045,0.036543,-0.136785,0.026330,-0.142410
2.56,rad,0.033551,-0.156131,0.033769,-0.150458,0.037024,-0.136869,0.026381,-0.142065
2.58,rad,0.033761,-0.156340,0.034188,-0.150733,0.037385,-0.137120,0.026386,-0.141702
2.60,rad,0.033926,-0.156531,0.034560,-0.150956,0.037529,-0.137509,0.026601,-0.141313
2.62,rad,0.034054,-0.156712,0.034894,-0.151198,0.038054,-0.137502,0.026569,-0.140930
2.64,rad,0.034175,-0.156894,0.035214,-0.151475,0.038241,-0.137803,0.026755,-0.140587
2.66,rad,0.034299,-0.157082,0.035557,-0.151788,0.038731,-0.137853,0.026828,-0.140430
2.68,rad,0.034435,-0.157295,0.035936,-0.152136,0.038972,-0.138122,0.027176,-0.140361
2.70,rad,0.034571,-0.157539,0.036354,-0.152527,0.039320,-0.138430,0.027252,-0.140493
2.72,rad,0.034688,-0.157828,0.036797,-0.152965,0.039695,-0.138783,0.027838,-0.140496
2.74,rad,0.034776,-0.158164,0.037231,-0.153457,0.039938,-0.139248,0.028952,-0.140536
2.76,rad,0.034836,-0.158487,0.037635,-0.154012,0.040173,-0.139768,0.029931,-0.141054
2.78,rad,0.034876,-0.158733,0.038003,-0.154588,0.040490,-0.140196,0.029911,-0.141972
2.80,rad,0.034893,-0.158866,0.038329,-0.155117,0.040739,-0.140490,0.029954,-0.142272
2.82,rad,0.034890,-0.158874,0.038600,-0.155554,0.040828,-0.140816,0.030164,-0.142378
2.84,rad,0.034868,-0.158764,0.038815,-0.155882,0.041060,-0.140842,0.030857,-0.142240
2.86,rad,0.034814,-0.158593,0.038977,-0.156100,0.040941,-0.140961,0.032311,-0.141954
2.88,rad,0.034721,-0.158434,0.039081,-0.156261,0.041076,-0.140751,0.032168,-0.142590
2.90,rad,0.034591,-0.158317,0.039125,-0.156434,0.040894,-0.140858,0.031854,-0.142786
2.92,rad,0.034436,-0.158242,0.039113,-0.156657,0.040618,-0.141009,0.031734,-0.142870
2.94,rad,0.034264,-0.158190,0.039055,-0.156923,0.040364,-0.141021,0.031741,-0.142883
2.96,rad,0.034088,-0.158163,0.038955,-0.157204,0.040138,-0.141013,0.031835,-0.143044
2.98,rad,0.033922,-0.158174,0.038823,-0.157489,0.039923,-0.141062,0.031978,-0.143304
3.00,rad,0.033772,-0.158213,0.038668,-0.157779,0.039711,-0.141145,0.032160,-0.143604
3.02,rad,0.033648,-0.158294,0.038497,-0.158067,0.039502,-0.141285,0.032336,-0.143927
3.04,rad,0.033565,-0.158449,0.038325,-0.158368,0.039297,-0.141518,0.032495,-0.144271
3.06,rad,0.033506,-0.158671,0.038174,-0.158712,0.039079,-0.141803,0.032625,-0.144675
3.08,rad,0.033439,-0.158914,0.038029,-0.159096,0.038842,-0.142063,0.032722,-0.145127
3.10,rad,0.033339,-0.159148,0.037853,-0.159464,0.038614,-0.142293,0.032803,-0.145581
3.12,rad,0.033184,-0.159337,0.037625,-0.159771,0.038388,-0.142455,0.032851,-0.145991
3.14,rad,0.032961,-0.159438,0.037319,-0.159992,0.038302,-0.142483,0.032858,-0.146322
3.16,rad,0.032694,-0.159468,0.036922,-0.160086,0.038128,-0.142481,0.032816,-0.146549
3.18,rad,0.032416,-0.159478,0.036462,-0.160063,0.037691,-0.142373,0.032754,-0.146736
3.20,rad,0.032151,-0.159496,0.035979,-0.159980,0.037522,-0.142257,0.032666,-0.146825
3.22,rad,0.031923,-0.159551,0.035502,-0.159885,0.037281,-0.142226,0.032507,-0.146884
3.24,rad,0.031749,-0.159665,0.035057,-0.159812,0.036907,-0.142172,0.032378,-0.147025
3.26,rad,0.031630,-0.159801,0.034663,-0.159780,0.036919,-0.142201,0.032228,-0.147204
3.28,rad,0.031555,-0.159894,0.034335,-0.159749,0.036618,-0.142175,0.032995,-0.146945
3.30,rad,0.031512,-0.159922,0.034059,-0.159657,0.036329,-0.142008,0.034156,-0.146839
3.32,rad,0.031495,-0.159914,0.033823,-0.159471,0.036411,-0.141882,0.033724,-0.147823
3.34,rad,0.031494,-0.159904,0.033620,-0.159219,0.036215,-0.141816,0.032741,-0.148356
3.36,rad,0.031506,-0.159919,0.033447,-0.158950,0.035983,-0.141668,0.032454,-0.148055
3.38,rad,0.031536,-0.159965,0.033302,-0.158705,0.035823,-0.141524,0.032520,-0.147645
3.40,rad,0.031590,-0.160026,0.033186,-0.158497,0.035727,-0.141418,0.031992,-0.148089
3.42,rad,0.031663,-0.160056,0.033101,-0.158313,0.035679,-0.141307,0.032128,-0.148093
3.44,rad,0.031740,-0.160020,0.033036,-0.158103,0.035653,-0.141158,0.032566,-0.147861
3.46,rad,0.031806,-0.159961,0.032978,-0.157827,0.035637,-0.140978,0.033164,-0.147649
3.48,rad,0.031857,-0.159929,0.032918,-0.157514,0.035620,-0.140827,0.032873,-0.148125
3.50,rad,0.031891,-0.159926,0.032850,-0.157226,0.035616,-0.140710,0.032863,-0.148215
3.52,rad,0.031923,-0.159923,0.032783,-0.156980,0.035635,-0.140601,0.032905,-0.147904
3.54,rad,0.031967,-0.159900,0.032732,-0.156756,0.035684,-0.140481,0.032222,-0.147829
3.56,rad,0.032034,-0.159861,0.032712,-0.156521,0.035762,-0.140358,0.031222,-0.147859
3.58,rad,0.032131,-0.159825,0.032740,-0.156271,0.035864,-0.140249,0.031390,-0.147061
3.60,rad,0.032258,-0.159804,0.032827,-0.156024,0.035990,-0.140170,0.030965,-0.146930
3.62,rad,0.032424,-0.159835,0.032991,-0.155808,0.036141,-0.140158,0.030283,-0.146774
3.64,rad,0.032631,-0.159951,0.033238,-0.155677,0.036314,-0.140235,0.030024,-0.146463
3.66,rad,0.032874,-0.160144,0.033559,-0.155673,0.036504,-0.140383,0.029908,-0.146101
3.68,rad,0.033131,-0.160397,0.033941,-0.155788,0.036705,-0.140584,0.029838,-0.145895
3.70,rad,0.033391,-0.160714,0.034346,-0.156004,0.036902,-0.140843,0.030017,-0.145720
3.72,rad,0.033628,-0.161095,0.034744,-0.156314,0.037090,-0.141177,0.029999,-0.145614
3.74,rad,0.033826,-0.161542,0.035113,-0.156716,0.037265,-0.141595,0.030198,-0.145597
3.76,rad,0.033992,-0.162065,0.035439,-0.157215,0.037429,-0.142103,0.030054,-0.145631
3.78,rad,0.034148,-0.162678,0.035732,-0.157825,0.037595,-0.142720,0.030041,-0.145703
3.80,rad,0.034332,-0.163401,0.036024,-0.158564,0.037771,-0.143453,0.029958,-0.145996
3.82,rad,0.034589,-0.164295,0.036357,-0.159450,0.037972,-0.144357,0.029846,-0.146482
3.84,rad,0.034947,-0.165473,0.036781,-0.160536,0.038519,-0.145298,0.030081,-0.147272
3.86,rad,0.035412,-0.166984,0.037321,-0.161940,0.038765,-0.146958,0.030170,-0.148460
3.88,rad,0.035988,-0.168881,0.037987,-0.163717,0.039007,-0.148962,0.030800,-0.150018
3.90,rad,0.036679,-0.171199,0.038775,-0.165919,0.039601,-0.151036,0.031278,-0.152086
3.92,rad,0.037502,-0.174070,0.039680,-0.168567,0.040005,-0.154017,0.031873,-0.154479
3.94,rad,0.038504,-0.177703,0.040701,-0.171786,0.040673,-0.157576,0.032642,-0.157385
3.96,rad,0.039721,-0.182154,0.041895,-0.175800,0.041401,-0.162073,0.033596,-0.161123
3.98,rad,0.041126,-0.187464,0.043310,-0.180729,0.042411,-0.167487,0.034766,-0.165770
4.00,rad,0.042772,-0.193496,0.044902,-0.186650,0.043531,-0.173579,0.036303,-0.171257
4.02,rad,0.044839,-0.200054,0.046787,-0.193361,0.045472,-0.180505,0.038239,-0.177471
4.04,rad,0.047446,-0.207046,0.049077,-0.200630,0.047847,-0.187946,0.040479,-0.184485
4.06,rad,0.050615,-0.214305,0.051889,-0.208291,0.050556,-0.195599,0.043289,-0.191933
4.08,rad,0.054266,-0.221692,0.055281,-0.216173,0.054431,-0.203933,0.046758,-0.199588
4.10,rad,0.058660,-0.228930,0.059288,-0.224147,0.057977,-0.211464,0.050815,-0.207538
4.12,rad,0.063584,-0.236235,0.063856,-0.232172,0.062761,-0.219203,0.055544,-0.215490
4.14,rad,0.068947,-0.243416,0.068970,-0.240235,0.067489,-0.226006,0.060782,-0.223058
4.16,rad,0.074492,-0.250057,0.074675,-0.248073,0.072743,-0.232564,0.066634,-0.230276
4.18,rad,0.079907,-0.255922,0.080738,-0.255236,0.078192,-0.238188,0.072732,-0.237004
4.20,rad,0.084764,-0.260778,0.086693,-0.261487,0.083098,-0.242939,0.078550,-0.243013
4.22,rad,0.087507,-0.265378,0.091755,-0.266614,0.087050,-0.247307,0.083375,-0.248686
4.24,rad,0.086551,-0.268793,0.094898,-0.270980,0.088975,-0.250797,0.087223,-0.254065
4.26,rad,0.082366,-0.270827,0.093533,-0.275008,0.088575,-0.253268,0.089293,-0.259503
4.28,rad,0.079439,-0.272432,0.089217,-0.278223,0.087327,-0.255004,0.086570,-0.265960
4.30,rad,0.080601,-0.272967,0.086660,-0.280121,0.086718,-0.257013,0.082113,-0.271835
4.32,rad,0.087905,-0.271197,0.088592,-0.279420,0.089257,-0.257926,0.081079,-0.274603
4.34,rad,0.100942,-0.267237,0.097040,-0.275472,0.095795,-0.256276,0.085823,-0.272550
4.36,rad,0.116780,-0.261651,0.111081,-0.269663,0.106001,-0.252549,0.096087,-0.266244
4.38,rad,0.133193,-0.255469,0.127661,-0.262542,0.118408,-0.247591,0.110038,-0.257460
4.40,rad,0.149250,-0.249549,0.144178,-0.254786,0.131921,-0.242194,0.125687,-0.247975
4.42,rad,0.164728,-0.244436,0.159674,-0.247778,0.145869,-0.237423,0.141458,-0.239187
4.44,rad,0.179772,-0.240674,0.174018,-0.242653,0.160120,-0.233758,0.156166,-0.231630
4.46,rad,0.194564,-0.238769,0.187532,-0.239523,0.174631,-0.231661,0.169477,-0.225077
4.48,rad,0.208991,-0.239159,0.200721,-0.238362,0.189027,-0.231409,0.181819,-0.219805
4.50,rad,0.222583,-0.241684,0.213741,-0.239532,0.202660,-0.232986,0.193549,-0.216625
4.52,rad,0.235386,-0.246969,0.226197,-0.243103,0.214697,-0.236629,0.204505,-0.215887
4.54,rad,0.247093,-0.252194,0.238012,-0.249785,0.222248,-0.241774,0.214941,-0.218696
4.56,rad,0.253714,-0.262430,0.249238,-0.260547,0.228704,-0.252917,0.223021,-0.224290
4.58,rad,0.259318,-0.277705,0.257048,-0.270690,0.234962,-0.268095,0.228939,-0.233845
4.60,rad,0.264331,-0.295045,0.261189,-0.285318,0.241451,-0.284189,0.233965,-0.248584
4.62,rad,0.269258,-0.311453,0.265512,-0.302628,0.248134,-0.299511,0.238253,-0.266591
4.64,rad,0.273499,-0.325646,0.269405,-0.319765,0.254000,-0.312982,0.241876,-0.284962
4.66,rad,0.276402,-0.338404,0.272205,-0.334410,0.259585,-0.324769,0.244565,-0.301460
4.68,rad,0.277665,-0.350297,0.274498,-0.348173,0.264316,-0.338147,0.246771,-0.316340
4.70,rad,0.278760,-0.361384,0.274608,-0.358882,0.269275,-0.349728,0.249735,-0.329889
4.72,rad,0.280810,-0.370318,0.274464,-0.367554,0.274438,-0.357451,0.254140,-0.341661
4.74,rad,0.282808,-0.375724,0.274714,-0.373665,0.280488,-0.362150,0.260809,-0.350573
4.76,rad,0.283194,-0.377444,0.274719,-0.376478,0.283472,-0.363206,0.266708,-0.355377
4.78,rad,0.281266,-0.375404,0.273652,-0.375873,0.284058,-0.361079,0.271870,-0.356887
4.80,rad,0.277405,-0.370074,0.271242,-0.371665,0.281671,-0.356019,0.273594,-0.354554
4.82,rad,0.272087,-0.362324,0.267875,-0.364192,0.276930,-0.348903,0.272916,-0.349232
4.84,rad,0.265839,-0.352694,0.263832,-0.354554,0.270407,-0.339880,0.270091,-0.342199
4.86,rad,0.259360,-0.341547,0.259353,-0.343474,0.262787,-0.329388,0.265617,-0.334023
4.88,rad,0.252825,-0.329331,0.254882,-0.331004,0.254317,-0.317678,0.259969,-0.324551
4.90,rad,0.246097,-0.316732,0.250446,-0.317641,0.244991,-0.305408,0.253247,-0.313853
4.92,rad,0.239088,-0.304469,0.245706,-0.304433,0.234754,-0.293229,0.245298,-0.302539
4.94,rad,0.231701,-0.293070,0.240291,-0.292160,0.223708,-0.281460,0.236211,-0.291370
4.96,rad,0.223931,-0.282689,0.233988,-0.281209,0.212018,-0.270338,0.226183,-0.280663
4.98,rad,0.215881,-0.273205,0.226828,-0.271671,0.199857,-0.259861,0.215529,-0.270747
5.00,rad,0.207533,-0.264105,0.218942,-0.263246,0.187180,-0.249793,0.204399,-0.261644
5.02,rad,0.199038,-0.255371,0.210398,-0.255327,0.173971,-0.240327,0.192818,-0.253079
5.04,rad,0.190373,-0.247947,0.201498,-0.247793,0.160041,-0.232421,0.180875,-0.245196
5.06,rad,0.181200,-0.242713,0.192408,-0.241580,0.144851,-0.226990,0.168654,-0.239056
5.08,rad,0.171290,-0.240410,0.182878,-0.237735,0.127884,-0.225089,0.155788,-0.235404
5.10,rad,0.160482,-0.241319,0.172675,-0.237128,0.109169,-0.227846,0.142023,-0.235128
5.12,rad,0.148915,-0.245672,0.161616,-0.240093,0.106887,-0.245583,0.127111,-0.238687
5.14,rad,0.136588,-0.253642,0.149842,-0.246706,0.119217,-0.271340,0.111205,-0.246426
5.16,rad,0.122933,-0.264485,0.137410,-0.256921,0.126762,-0.289342,0.094582,-0.258654
5.18,rad,0.106889,-0.277406,0.123811,-0.269787,0.127987,-0.298730,0.084570,-0.276243
5.20,rad,0.100821,-0.299502,0.107964,-0.284041,0.124869,-0.303316,0.093446,-0.302434
5.22,rad,0.104725,-0.321537,0.089482,-0.298823,0.116295,-0.307821,0.100400,-0.320248
5.24,rad,0.099260,-0.332928,0.088558,-0.322630,0.100766,-0.317864,0.099105,-0.329499
5.26,rad,0.085389,-0.339253,0.087177,-0.339973,0.081332,-0.327821,0.089361,-0.333936
5.28,rad,0.065889,-0.342050,0.077026,-0.348910,0.061044,-0.335777,0.073573,-0.336813
5.30,rad,0.044346,-0.344123,0.059944,-0.351507,0.041551,-0.341769,0.055383,-0.339466
5.32,rad,0.024076,-0.347429,0.039549,-0.352040,0.023145,-0.345874,0.036220,-0.342330
5.34,rad,0.006544,-0.351716,0.020400,-0.352235,0.006917,-0.348963,0.017087,-0.347153
5.36,rad,-0.006346,-0.356682,0.003458,-0.353897,-0.006725,-0.351503,0.000042,-0.353431
5.38,rad,-0.006700,-0.364368,-0.010114,-0.356422,-0.012444,-0.356732,-0.013240,-0.360588
5.40,rad,-0.003020,-0.375315,-0.014006,-0.361627,-0.009415,-0.368564,-0.020399,-0.368181
5.42,rad,-0.008000,-0.386533,-0.011197,-0.374530,-0.010038,-0.383521,-0.017768,-0.378268
5.44,rad,-0.022029,-0.394880,-0.015312,-0.391512,-0.018528,-0.395711,-0.016572,-0.395675
5.46,rad,-0.040922,-0.401018,-0.028815,-0.404239,-0.032124,-0.403721,-0.024227,-0.413599
5.48,rad,-0.061043,-0.406579,-0.047464,-0.409366,-0.048176,-0.409674,-0.037869,-0.423969
5.50,rad,-0.080685,-0.411982,-0.067401,-0.410063,-0.065082,-0.414593,-0.053280,-0.426805
5.52,rad,-0.099281,-0.417745,-0.086637,-0.410543,-0.082218,-0.419306,-0.068802,-0.426085
5.54,rad,-0.117440,-0.425849,-0.104705,-0.413082,-0.100143,-0.426003,-0.084465,-0.425314
5.56,rad,-0.136730,-0.438861,-0.122859,-0.420074,-0.119702,-0.437594,-0.102135,-0.427862
5.58,rad,-0.158362,-0.458239,-0.142856,-0.433828,-0.141269,-0.455629,-0.123485,-0.436865
5.60,rad,-0.182069,-0.482911,-0.165975,-0.454985,-0.164419,-0.479760,-0.148396,-0.453582
5.62,rad,-0.204132,-0.503547,-0.191663,-0.481741,-0.185869,-0.500887,-0.175029,-0.477261
5.64,rad,-0.219988,-0.511878,-0.215608,-0.504648,-0.201892,-0.511547,-0.198710,-0.498194
5.66,rad,-0.228555,-0.510348,-0.232392,-0.515250,-0.211486,-0.514072,-0.214936,-0.508915
5.68,rad,-0.230254,-0.504361,-0.240507,-0.515124,-0.214454,-0.510842,-0.223397,-0.511719
5.70,rad,-0.226065,-0.496218,-0.241391,-0.509643,-0.211813,-0.501735,-0.225606,-0.509507
5.72,rad,-0.217793,-0.485185,-0.237292,-0.502130,-0.205433,-0.487225,-0.223389,-0.502748
5.74,rad,-0.207183,-0.471316,-0.229658,-0.492321,-0.197438,-0.468910,-0.217631,-0.490718
5.76,rad,-0.195287,-0.454476,-0.219020,-0.479469,-0.188837,-0.447324,-0.208979,-0.473410
5.78,rad,-0.183571,-0.434748,-0.205603,-0.462685,-0.180732,-0.423590,-0.198054,-0.450806
5.80,rad,-0.173296,-0.414052,-0.191012,-0.441805,-0.173998,-0.400658,-0.186633,-0.424088
5.82,rad,-0.165009,-0.395186,-0.177375,-0.419009,-0.168595,-0.381284,-0.176387,-0.397074
5.84,rad,-0.158406,-0.379878,-0.166116,-0.397474,-0.163766,-0.366496,-0.168276,-0.373899
5.86,rad,-0.152642,-0.367978,-0.157489,-0.379564,-0.158245,-0.355615,-0.162013,-0.356718
5.88,rad,-0.147374,-0.358352,-0.150946,-0.365947,-0.151599,-0.347007,-0.156593,-0.345140
5.90,rad,-0.142762,-0.349397,-0.145996,-0.355970,-0.144302,-0.338839,-0.151243,-0.337048
5.92,rad,-0.138563,-0.340760,-0.142402,-0.347751,-0.137056,-0.329863,-0.145564,-0.329741
5.94,rad,-0.134178,-0.332568,-0.139654,-0.340070,-0.128997,-0.320907,-0.139371,-0.322024
5.96,rad,-0.129648,-0.324385,-0.137047,-0.332432,-0.120794,-0.311231,-0.132865,-0.313305
5.98,rad,-0.125186,-0.315618,-0.134493,-0.324395,-0.112844,-0.300189,-0.126350,-0.303353
6.00,rad,-0.121240,-0.306399,-0.132013,-0.315511,-0.105724,-0.288339,-0.120064,-0.292146
6.02,rad,-0.118160,-0.297402,-0.129844,-0.305974,-0.099199,-0.276779,-0.114818,-0.279542
6.04,rad,-0.115814,-0.288932,-0.128207,-0.296588,-0.093184,-0.265380,-0.109556,-0.268108
6.06,rad,-0.113738,-0.281276,-0.127052,-0.287948,-0.086620,-0.254576,-0.104958,-0.257304
6.08,rad,-0.111359,-0.274633,-0.126119,-0.280403,-0.077966,-0.243817,-0.100343,-0.247830
6.10,rad,-0.108277,-0.268915,-0.124865,-0.274280,-0.064806,-0.232095,-0.095130,-0.240176
6.12,rad,-0.104474,-0.264225,-0.122730,-0.269673,-0.046816,-0.222251,-0.088175,-0.234087
6.14,rad,-0.099902,-0.260743,-0.119570,-0.266653,-0.043208,-0.226807,-0.077470,-0.228861
6.16,rad,-0.094030,-0.257996,-0.115421,-0.265375,-0.052004,-0.236671,-0.061897,-0.223392
6.18,rad,-0.086326,-0.255632,-0.110070,-0.265385,-0.055706,-0.243541,-0.041080,-0.219229
6.20,rad,-0.076211,-0.253596,-0.103405,-0.266156,-0.053855,-0.247147,-0.028774,-0.227648
6.22,rad,-0.063217,-0.252863,-0.095218,-0.267260,-0.048141,-0.250464,-0.031591,-0.247165
6.24,rad,-0.048704,-0.256391,-0.085473,-0.268976,-0.040972,-0.256642,-0.035876,-0.260845
6.26,rad,-0.045827,-0.268806,-0.074029,-0.272059,-0.034586,-0.266502,-0.034990,-0.266622
6.28,rad,-0.047157,-0.283621,-0.060203,-0.276695,-0.029300,-0.278212,-0.029237,-0.270645
6.30,rad,-0.044182,-0.296127,-0.043147,-0.283415,-0.024928,-0.289730,-0.019508,-0.276182
6.32,rad,-0.034097,-0.306845,-0.027718,-0.295798,-0.021034,-0.299544,-0.008749,-0.285263
6.34,rad,-0.018497,-0.315395,-0.022481,-0.314698,-0.018235,-0.306826,0.000206,-0.296830
6.36,rad,-0.000238,-0.321273,-0.017463,-0.327211,-0.009718,-0.315223,0.006225,-0.308594
6.38,rad,0.018483,-0.323689,-0.006770,-0.333538,0.010717,-0.325133,0.009581,-0.317250
6.40,rad,0.039682,-0.324592,0.009147,-0.336974,0.031386,-0.328841,0.019671,-0.324471
6.42,rad,0.060568,-0.322539,0.030109,-0.338268,0.049620,-0.326261,0.041226,-0.331747
6.44,rad,0.078556,-0.318895,0.052407,-0.337064,0.065293,-0.319200,0.062878,-0.331634
6.46,rad,0.092300,-0.314863,0.071588,-0.334763,0.077584,-0.310500,0.080253,-0.325903
6.48,rad,0.099745,-0.310866,0.086120,-0.331591,0.086664,-0.300603,0.092352,-0.319168
6.50,rad,0.094393,-0.309664,0.096641,-0.326347,0.088775,-0.289167,0.099182,-0.310262
6.52,rad,0.084692,-0.305250,0.094534,-0.324807,0.081605,-0.287486,0.099123,-0.299074
6.54,rad,0.082015,-0.299219,0.083663,-0.322097,0.077742,-0.289957,0.089098,-0.297688
6.56,rad,0.089105,-0.291533,0.081191,-0.314061,0.082806,-0.288316,0.085582,-0.297193
6.58,rad,0.102155,-0.283369,0.091192,-0.302164,0.095576,-0.284084,0.093625,-0.291760
6.60,rad,0.118756,-0.275254,0.108803,-0.290353,0.113185,-0.278677,0.109250,-0.283266
6.62,rad,0.137205,-0.267090,0.129842,-0.280088,0.133334,-0.272091,0.128925,-0.274652
6.64,rad,0.155750,-0.259618,0.151458,-0.270063,0.153891,-0.265353,0.150285,-0.266174
6.66,rad,0.173398,-0.253262,0.171398,-0.260454,0.173904,-0.259140,0.170801,-0.258561
6.68,rad,0.189145,-0.247734,0.189085,-0.251944,0.192632,-0.253725,0.189751,-0.252311
6.70,rad,0.202806,-0.242767,0.204156,-0.244488,0.209797,-0.249101,0.206682,-0.247066
6.72,rad,0.215288,-0.238507,0.216824,-0.237530,0.225849,-0.245355,0.221598,-0.242213
6.74,rad,0.227526,-0.235340,0.228247,-0.230895,0.241039,-0.242760,0.235478,-0.237897
6.76,rad,0.240119,-0.233509,0.239571,-0.224694,0.255277,-0.241416,0.249008,-0.234619
6.78,rad,0.252987,-0.233508,0.251579,-0.219424,0.268239,-0.241913,0.262215,-0.233065
6.80,rad,0.265439,-0.235895,0.263051,-0.216695,0.275808,-0.242000,0.274582,-0.233982
6.82,rad,0.275468,-0.239690,0.273017,-0.217569,0.280883,-0.245588,0.283408,-0.236609
6.84,rad,0.281466,-0.246663,0.281590,-0.222774,0.284497,-0.256030,0.287456,-0.240084
6.86,rad,0.287476,-0.260072,0.286328,-0.235541,0.288126,-0.271875,0.289631,-0.248784
6.88,rad,0.293520,-0.275931,0.287665,-0.252452,0.291754,-0.289190,0.291733,-0.263817
6.90,rad,0.298938,-0.291442,0.288890,-0.264746,0.295350,-0.305159,0.294198,-0.282906
6.92,rad,0.303431,-0.304643,0.294635,-0.269878,0.298475,-0.318153,0.296445,-0.302891
6.94,rad,0.306656,-0.315228,0.296548,-0.293073,0.301147,-0.328309,0.298415,-0.318958
6.96,rad,0.309502,-0.324254,0.296652,-0.310367,0.303703,-0.336831,0.299938,-0.330019
6.98,rad,0.312148,-0.332038,0.296791,-0.316877,0.305954,-0.343443,0.301432,-0.338022
7.00,rad,0.314686,-0.338129,0.298651,-0.319406,0.309743,-0.348436,0.302995,-0.343950
7.02,rad,0.316785,-0.342227,0.302848,-0.322867,0.313156,-0.351040,0.306651,-0.348237
7.04,rad,0.316305,-0.342894,0.307317,-0.326050,0.315292,-0.350637,0.310201,-0.350197
7.06,rad,0.314707,-0.340576,0.309948,-0.326347,0.314979,-0.347072,0.313491,-0.349288
7.08,rad,0.312325,-0.335508,0.309829,-0.323049,0.312846,-0.340451,0.314068,-0.344331
7.10,rad,0.308676,-0.327853,0.307112,-0.316402,0.308966,-0.331180,0.312722,-0.335586
7.12,rad,0.303824,-0.318156,0.302775,-0.307274,0.303453,-0.319715,0.309862,-0.323764
7.14,rad,0.297885,-0.307170,0.297738,-0.296836,0.296650,-0.306953,0.306029,-0.310323
7.16,rad,0.290935,-0.295865,0.292495,-0.286076,0.288795,-0.293990,0.301509,-0.296348
7.18,rad,0.283003,-0.284770,0.287009,-0.275787,0.279979,-0.281408,0.296175,-0.282886
7.20,rad,0.274292,-0.273899,0.280984,-0.266140,0.270384,-0.269211,0.289860,-0.270468
7.22,rad,0.265042,-0.263396,0.274248,-0.256924,0.260223,-0.257627,0.282504,-0.258998
7.24,rad,0.255395,-0.253526,0.266821,-0.248242,0.249518,-0.246963,0.274154,-0.248586
7.26,rad,0.245392,-0.244468,0.258736,-0.240413,0.238038,-0.237213,0.264907,-0.239429
7.28,rad,0.234913,-0.236428,0.249967,-0.233561,0.225477,-0.228510,0.254789,-0.231492
7.30,rad,0.223736,-0.229407,0.240383,-0.227752,0.211579,-0.220670,0.243900,-0.224783
7.32,rad,0.211724,-0.223660,0.229812,-0.222993,0.196105,-0.213821,0.232172,-0.219275
7.34,rad,0.198734,-0.219788,0.218181,-0.219671,0.178789,-0.208638,0.219623,-0.215256
7.36,rad,0.184657,-0.218189,0.205376,-0.218471,0.159205,-0.205820,0.206062,-0.213264
7.38,rad,0.169503,-0.219281,0.191236,-0.219776,0.137018,-0.206285,0.191357,-0.213702
7.40,rad,0.153288,-0.223128,0.175666,-0.223755,0.113367,-0.210528,0.175433,-0.216811
7.42,rad,0.136067,-0.229591,0.158630,-0.230206,0.110987,-0.232174,0.158143,-0.222567
7.44,rad,0.117500,-0.238620,0.140344,-0.238613,0.119192,-0.256722,0.139209,-0.230666
7.46,rad,0.102298,-0.253203,0.121078,-0.248570,0.122067,-0.271877,0.118928,-0.240758
7.48,rad,0.106312,-0.276430,0.100633,-0.259805,0.118727,-0.279395,0.096335,-0.252756
7.50,rad,0.101722,-0.291555,0.078831,-0.272737,0.106928,-0.283709,0.080486,-0.271635
7.52,rad,0.087329,-0.303388,0.076599,-0.296996,0.087746,-0.291510,0.081018,-0.298649
7.54,rad,0.067951,-0.312936,0.070983,-0.314100,0.064668,-0.304803,0.075382,-0.314387
7.56,rad,0.048624,-0.322905,0.059110,-0.325718,0.043788,-0.318776,0.061577,-0.320135
7.58,rad,0.031607,-0.332489,0.042383,-0.334852,0.026264,-0.330459,0.042877,-0.324405
7.60,rad,0.017569,-0.340742,0.024702,-0.342151,0.010929,-0.339966,0.024761,-0.329833
7.62,rad,0.007021,-0.345734,0.011581,-0.347839,-0.001030,-0.346033,0.009724,-0.334987
7.64,rad,0.002269,-0.349994,0.003825,-0.355110,-0.002043,-0.353191,-0.000838,-0.340690
7.66,rad,0.002117,-0.361691,-0.002968,-0.365719,0.000365,-0.365218,-0.003901,-0.353981
7.68,rad,-0.004259,-0.372967,-0.012065,-0.378260,-0.003607,-0.377030,-0.008567,-0.372116
7.70,rad,-0.016969,-0.380722,-0.024425,-0.389999,-0.013922,-0.384388,-0.018995,-0.386460
7.72,rad,-0.032946,-0.385808,-0.039404,-0.398834,-0.027773,-0.388496,-0.033574,-0.392770
7.74,rad,-0.049673,-0.390140,-0.055024,-0.404531,-0.043012,-0.391564,-0.049734,-0.393612
7.76,rad,-0.065906,-0.393805,-0.070063,-0.407961,-0.058729,-0.393662,-0.066216,-0.393011
7.78,rad,-0.081192,-0.396432,-0.084014,-0.409844,-0.074398,-0.394766,-0.082375,-0.392711
7.80,rad,-0.095330,-0.397682,-0.096789,-0.410754,-0.089439,-0.394750,-0.097825,-0.392723
7.82,rad,-0.108151,-0.397094,-0.108517,-0.410608,-0.103255,-0.392861,-0.112178,-0.392399
7.84,rad,-0.119585,-0.394724,-0.119321,-0.408657,-0.115462,-0.389064,-0.124866,-0.390561
7.86,rad,-0.129859,-0.391726,-0.129217,-0.404570,-0.126065,-0.384550,-0.135489,-0.386436
7.88,rad,-0.139604,-0.391268,-0.138271,-0.399282,-0.135651,-0.382763,-0.144196,-0.380857
7.90,rad,-0.148927,-0.396608,-0.146955,-0.396081,-0.144287,-0.387099,-0.151871,-0.377528
7.92,rad,-0.156463,-0.404836,-0.155193,-0.398522,-0.150788,-0.393985,-0.158894,-0.380424
7.94,rad,-0.160366,-0.410684,-0.161690,-0.404269,-0.153734,-0.398235,-0.164243,-0.386921
7.96,rad,-0.159627,-0.412804,-0.164460,-0.408628,-0.152516,-0.398692,-0.166252,-0.391898
7.98,rad,-0.154599,-0.411531,-0.162169,-0.410705,-0.147720,-0.395203,-0.163810,-0.393839
8.00,rad,-0.146974,-0.406970,-0.155620,-0.411330,-0.141068,-0.388112,-0.157234,-0.392859
8.02,rad,-0.138389,-0.399166,-0.147101,-0.410065,-0.134266,-0.377883,-0.148425,-0.388887
8.04,rad,-0.129864,-0.389001,-0.135683,-0.406910,-0.128030,-0.365782,-0.139400,-0.381319
8.06,rad,-0.122161,-0.378882,-0.124323,-0.399476,-0.122680,-0.354506,-0.131300,-0.370917
8.08,rad,-0.115389,-0.370605,-0.115455,-0.389586,-0.117952,-0.345570,-0.124544,-0.360506
8.10,rad,-0.109565,-0.364164,-0.109385,-0.380321,-0.113607,-0.338587,-0.118834,-0.352166
8.12,rad,-0.104694,-0.358921,-0.105384,-0.373130,-0.109555,-0.332574,-0.113831,-0.345960
8.14,rad,-0.100678,-0.353988,-0.102577,-0.367504,-0.105822,-0.326599,-0.109372,-0.340873
8.16,rad,-0.097456,-0.348825,-0.100387,-0.362167,-0.102555,-0.320548,-0.105493,-0.335810
8.18,rad,-0.094789,-0.343471,-0.098603,-0.356360,-0.099668,-0.314620,-0.102399,-0.329996
8.20,rad,-0.092410,-0.338199,-0.097123,-0.349834,-0.096968,-0.308941,-0.100078,-0.323295
8.22,rad,-0.090045,-0.333056,-0.095904,-0.342871,-0.094275,-0.303273,-0.098485,-0.316138
8.24,rad,-0.087697,-0.327734,-0.094789,-0.335906,-0.091648,-0.297278,-0.097385,-0.309175
8.26,rad,-0.085819,-0.322223,-0.093776,-0.329097,-0.089480,-0.291074,-0.096705,-0.302390
8.28,rad,-0.084755,-0.316683,-0.093255,-0.322528,-0.087930,-0.284935,-0.096735,-0.295826
8.30,rad,-0.084471,-0.311455,-0.093582,-0.316339,-0.086705,-0.279191,-0.097626,-0.289639
8.32,rad,-0.084597,-0.306545,-0.094793,-0.310794,-0.085739,-0.273212,-0.099220,-0.284308
8.34,rad,-0.084746,-0.301557,-0.096533,-0.305807,-0.083733,-0.267906,-0.101081,-0.279863
8.36,rad,-0.084682,-0.296411,-0.098379,-0.300987,-0.080780,-0.263128,-0.102754,-0.275865
8.38,rad,-0.084101,-0.291187,-0.100032,-0.296098,-0.077226,-0.257922,-0.103880,-0.272021
8.40,rad,-0.082642,-0.285681,-0.101145,-0.291028,-0.071867,-0.252800,-0.104185,-0.268301
8.42,rad,-0.080205,-0.279908,-0.101291,-0.285638,-0.064691,-0.246424,-0.103338,-0.264610
8.44,rad,-0.076699,-0.274063,-0.100356,-0.280386,-0.054502,-0.237761,-0.101391,-0.261362
8.46,rad,-0.071779,-0.267888,-0.098402,-0.275853,-0.039822,-0.228638,-0.098315,-0.259065
8.48,rad,-0.064273,-0.261530,-0.095375,-0.271979,-0.028130,-0.228831,-0.093978,-0.257237
8.50,rad,-0.052884,-0.256028,-0.091150,-0.269081,-0.034299,-0.242202,-0.088176,-0.255912
8.52,rad,-0.049520,-0.260763,-0.085385,-0.267600,-0.048021,-0.257783,-0.080380,-0.255099
8.54,rad,-0.054887,-0.272000,-0.077836,-0.268184,-0.056438,-0.267325,-0.069886,-0.255324
8.56,rad,-0.060168,-0.281687,-0.068020,-0.271166,-0.055995,-0.272095,-0.055829,-0.257828
8.58,rad,-0.058674,-0.288014,-0.054835,-0.276241,-0.049203,-0.274856,-0.037724,-0.263326
8.60,rad,-0.052559,-0.290605,-0.040006,-0.284204,-0.041209,-0.275886,-0.026914,-0.277543
8.62,rad,-0.037585,-0.295188,-0.032387,-0.296634,-0.032756,-0.275824,-0.025311,-0.293630
8.64,rad,-0.020522,-0.295191,-0.027772,-0.304547,-0.017457,-0.278830,-0.023263,-0.300327
8.66,rad,0.000245,-0.294003,-0.018589,-0.305034,0.000583,-0.278204,-0.015078,-0.298165
8.68,rad,0.020874,-0.293164,-0.004360,-0.301246,0.019141,-0.275092,-0.001663,-0.292236
8.70,rad,0.036809,-0.296299,0.013682,-0.295654,0.033978,-0.275798,0.016643,-0.283848
8.72,rad,0.048093,-0.301557,0.029637,-0.293669,0.044430,-0.279864,0.033928,-0.279341
8.74,rad,0.056301,-0.304498,0.040200,-0.297200,0.051399,-0.281290,0.046291,-0.279336
8.76,rad,0.058773,-0.301690,0.046913,-0.302043,0.054454,-0.275055,0.054336,-0.279840
8.78,rad,0.048324,-0.300360,0.052490,-0.301011,0.047607,-0.272325,0.060205,-0.275082
8.80,rad,0.040554,-0.296729,0.045840,-0.298033,0.040699,-0.278379,0.055125,-0.267118
8.82,rad,0.042866,-0.292741,0.039210,-0.296634,0.041846,-0.281200,0.046628,-0.270506
8.84,rad,0.052568,-0.288966,0.044838,-0.291620,0.050064,-0.280967,0.048357,-0.273646
8.86,rad,0.066516,-0.285077,0.059390,-0.284224,0.063394,-0.279442,0.058196,-0.272355
8.88,rad,0.082368,-0.280704,0.077948,-0.277395,0.079479,-0.276636,0.072773,-0.268998
8.90,rad,0.098774,-0.275917,0.097251,-0.272281,0.096711,-0.273018,0.089577,-0.265797
8.92,rad,0.115147,-0.270865,0.115472,-0.267660,0.114445,-0.269141,0.106915,-0.261920
8.94,rad,0.131039,-0.266456,0.132212,-0.262687,0.132051,-0.266107,0.124202,-0.257535
8.96,rad,0.146101,-0.263643,0.147550,-0.257926,0.148891,-0.264645,0.141117,-0.254221
8.98,rad,0.160402,-0.262673,0.161828,-0.254458,0.164696,-0.264891,0.157541,-0.253123
9.00,rad,0.173868,-0.262994,0.175504,-0.252772,0.178916,-0.266210,0.173390,-0.254217
9.02,rad,0.186272,-0.264378,0.188611,-0.252490,0.191161,-0.268435,0.188257,-0.256813
9.04,rad,0.197352,-0.267177,0.200789,-0.253371,0.201103,-0.271785,0.201524,-0.260449
9.06,rad,0.206841,-0.272236,0.211388,-0.255627,0.208481,-0.276990,0.212617,-0.265068
9.08,rad,0.214768,-0.280010,0.219403,-0.260296,0.212259,-0.283040,0.220998,-0.271166
9.10,rad,0.221195,-0.289876,0.224499,-0.268267,0.214539,-0.291233,0.226352,-0.278973
9.12,rad,0.225986,-0.299897,0.227821,-0.278711,0.216040,-0.301232,0.229070,-0.287838
9.14,rad,0.227711,-0.309469,0.229403,-0.291414,0.217234,-0.311683,0.230381,-0.298181
9.16,rad,0.228416,-0.318635,0.229601,-0.305014,0.217970,-0.321186,0.230257,-0.309539
9.18,rad,0.228461,-0.326312,0.227756,-0.318486,0.218592,-0.328610,0.229590,-0.320256
9.20,rad,0.227774,-0.332513,0.224331,-0.329705,0.219969,-0.335025,0.229066,-0.328801
9.22,rad,0.226184,-0.336377,0.220099,-0.337889,0.220062,-0.339246,0.228213,-0.334792
9.24,rad,0.223666,-0.337545,0.215697,-0.342816,0.218393,-0.341352,0.227407,-0.338196
9.26,rad,0.220445,-0.337316,0.211602,-0.344686,0.214974,-0.341326,0.226158,-0.338973
9.28,rad,0.216774,-0.336419,0.208085,-0.344836,0.210673,-0.339373,0.224298,-0.337973
9.30,rad,0.212934,-0.334646,0.205353,-0.344016,0.205854,-0.335825,0.221948,-0.335918
9.32,rad,0.208745,-0.331460,0.203485,-0.342189,0.200356,-0.330574,0.219269,-0.332733
9.34,rad,0.203883,-0.326452,0.202125,-0.338805,0.194066,-0.323503,0.216082,-0.327838
9.36,rad,0.198330,-0.319893,0.200672,-0.333239,0.187239,-0.315113,0.212091,-0.321040
9.38,rad,0.192225,-0.312284,0.198757,-0.325355,0.180974,-0.304977,0.207237,-0.312657
9.40,rad,0.185752,-0.304167,0.196278,-0.315896,0.173702,-0.295010,0.201674,-0.303315
9.42,rad,0.179020,-0.296103,0.193370,-0.306036,0.164285,-0.286640,0.195706,-0.293729
9.44,rad,0.172013,-0.288548,0.190141,-0.296765,0.155316,-0.276994,0.189535,-0.284581
9.46,rad,0.164677,-0.281842,0.186540,-0.288789,0.144580,-0.268510,0.183133,-0.276430
9.48,rad,0.156825,-0.276178,0.182525,-0.282473,0.133203,-0.260038,0.176387,-0.269625
9.50,rad,0.148034,-0.271416,0.177933,-0.277845,0.119016,-0.253066,0.169018,-0.264377
9.52,rad,0.137791,-0.267071,0.172361,-0.274576,0.102523,-0.246483,0.160520,-0.260412
9.54,rad,0.125651,-0.263133,0.165429,-0.272042,0.084208,-0.242341,0.150462,-0.257120
9.56,rad,0.111584,-0.259940,0.156941,-0.269914,0.090064,-0.255470,0.138596,-0.254246
9.58,rad,0.095889,-0.258282,0.147017,-0.268146,0.105044,-0.268983,0.125044,-0.251938
9.60,rad,0.085405,-0.262642,0.135827,-0.266975,0.113141,-0.274176,0.110020,-0.250799
9.62,rad,0.097030,-0.275188,0.123551,-0.266899,0.114188,-0.275579,0.093742,-0.251356
9.64,rad,0.103920,-0.283060,0.110365,-0.268647,0.111062,-0.276588,0.076153,-0.254407
9.66,rad,0.102585,-0.290066,0.096239,-0.272937,0.106699,-0.277237,0.074925,-0.268115
9.68,rad,0.095824,-0.296407,0.081005,-0.279664,0.100677,-0.279579,0.080895,-0.281431
9.70,rad,0.084122,-0.303826,0.064624,-0.288336,0.086983,-0.287399,0.081356,-0.287659
9.72,rad,0.069249,-0.310471,0.047856,-0.298231,0.069544,-0.296017,0.074368,-0.291550
9.74,rad,0.052950,-0.315916,0.042532,-0.313100,0.053135,-0.303640,0.061833,-0.295970
9.76,rad,0.036713,-0.320244,0.035486,-0.321744,0.039275,-0.309259,0.047127,-0.300112
9.78,rad,0.022063,-0.323348,0.026346,-0.325799,0.027152,-0.311823,0.032185,-0.304161
9.80,rad,0.010948,-0.325321,0.016290,-0.327092,0.016223,-0.311520,0.018094,-0.307532
9.82,rad,0.004956,-0.326144,0.007964,-0.326076,0.006097,-0.308464,0.005425,-0.308891
9.84,rad,0.004016,-0.324122,0.003441,-0.323828,0.003015,-0.307062,-0.003822,-0.308815
9.86,rad,0.005836,-0.318460,0.001331,-0.322947,0.007070,-0.305096,-0.004222,-0.310094
9.88,rad,0.005004,-0.313117,-0.005395,-0.326006,0.008443,-0.300345,-0.002337,-0.310834
9.90,rad,-0.002227,-0.309882,-0.017815,-0.328742,0.003593,-0.296147,-0.004764,-0.310760
9.92,rad,-0.014957,-0.306075,-0.033550,-0.327956,-0.006800,-0.291427,-0.013218,-0.308143
9.94,rad,-0.030317,-0.300218,-0.050497,-0.322991,-0.020900,-0.284854,-0.026864,-0.302051
9.96,rad,-0.045932,-0.292125,-0.066950,-0.314219,-0.036439,-0.276497,-0.043293,-0.292806
9.98,rad,-0.060279,-0.282064,-0.081682,-0.303075,-0.051490,-0.266565,-0.060383,-0.281318
