time_s,isaac_d00_requested,isaac_d20_requested,isaac_d20_effective,mujoco_d00_requested,mujoco_d20_requested,mujoco_d20_effective,unit,aggregation
0.00,0.367826,0.367826,0.367826,0.367826,0.367826,0.367826,rad,per-cycle RMS over 29 joints of (q_des - q)
0.02,0.346332,0.346332,0.311985,0.314773,0.314773,0.283797,rad,per-cycle RMS over 29 joints of (q_des - q)
0.04,0.253697,0.262050,0.298312,0.274201,0.283500,0.257974,rad,per-cycle RMS over 29 joints of (q_des - q)
0.06,0.170730,0.194299,0.223128,0.233351,0.263669,0.256055,rad,per-cycle RMS over 29 joints of (q_des - q)
0.08,0.132915,0.153130,0.170732,0.166961,0.225860,0.248216,rad,per-cycle RMS over 29 joints of (q_des - q)
0.10,0.176685,0.197579,0.142062,0.168097,0.200471,0.207053,rad,per-cycle RMS over 29 joints of (q_des - q)
0.12,0.171134,0.215405,0.191932,0.179057,0.221018,0.190256,rad,per-cycle RMS over 29 joints of (q_des - q)
0.14,0.148459,0.201221,0.204408,0.180764,0.223009,0.204004,rad,per-cycle RMS over 29 joints of (q_des - q)
0.16,0.137394,0.179931,0.186368,0.168241,0.213013,0.195785,rad,per-cycle RMS over 29 joints of (q_des - q)
0.18,0.129943,0.151777,0.161373,0.133768,0.189469,0.184302,rad,per-cycle RMS over 29 joints of (q_des - q)
0.20,0.118743,0.129972,0.139696,0.121001,0.159958,0.165813,rad,per-cycle RMS over 29 joints of (q_des - q)
0.22,0.103148,0.124658,0.126820,0.099865,0.142508,0.154009,rad,per-cycle RMS over 29 joints of (q_des - q)
0.24,0.086552,0.105202,0.123595,0.075895,0.125774,0.143728,rad,per-cycle RMS over 29 joints of (q_des - q)
0.26,0.071338,0.089491,0.101692,0.098609,0.122360,0.122642,rad,per-cycle RMS over 29 joints of (q_des - q)
0.28,0.099769,0.089530,0.084590,0.110387,0.138090,0.114606,rad,per-cycle RMS over 29 joints of (q_des - q)
0.30,0.135692,0.116271,0.086878,0.106583,0.154591,0.125712,rad,per-cycle RMS over 29 joints of (q_des - q)
0.32,0.122842,0.132584,0.112675,0.094615,0.154166,0.144095,rad,per-cycle RMS over 29 joints of (q_des - q)
0.34,0.101929,0.125352,0.127542,0.085404,0.135066,0.144595,rad,per-cycle RMS over 29 joints of (q_des - q)
0.36,0.091432,0.102261,0.119094,0.079245,0.121010,0.124926,rad,per-cycle RMS over 29 joints of (q_des - q)
0.38,0.090717,0.085860,0.096881,0.071457,0.114392,0.113546,rad,per-cycle RMS over 29 joints of (q_des - q)
0.40,0.091319,0.087365,0.083353,0.064353,0.102477,0.106293,rad,per-cycle RMS over 29 joints of (q_des - q)
0.42,0.087360,0.091770,0.085481,0.059427,0.092762,0.092345,rad,per-cycle RMS over 29 joints of (q_des - q)
0.44,0.081247,0.090470,0.087764,0.055918,0.088074,0.082418,rad,per-cycle RMS over 29 joints of (q_des - q)
0.46,0.074583,0.083668,0.084621,0.053135,0.085482,0.079026,rad,per-cycle RMS over 29 joints of (q_des - q)
0.48,0.068811,0.075506,0.077256,0.050847,0.086225,0.079962,rad,per-cycle RMS over 29 joints of (q_des - q)
0.50,0.063847,0.067034,0.068497,0.049686,0.092922,0.082878,rad,per-cycle RMS over 29 joints of (q_des - q)
0.52,0.061115,0.068014,0.063573,0.048374,0.104458,0.090066,rad,per-cycle RMS over 29 joints of (q_des - q)
0.54,0.063431,0.067981,0.064910,0.046804,0.109175,0.099724,rad,per-cycle RMS over 29 joints of (q_des - q)
0.56,0.059997,0.063386,0.065025,0.045351,0.102436,0.100925,rad,per-cycle RMS over 29 joints of (q_des - q)
0.58,0.055151,0.058225,0.060765,0.044789,0.086543,0.092915,rad,per-cycle RMS over 29 joints of (q_des - q)
0.60,0.049165,0.053281,0.055850,0.044920,0.067338,0.077804,rad,per-cycle RMS over 29 joints of (q_des - q)
0.62,0.044629,0.050506,0.051276,0.044098,0.064676,0.062337,rad,per-cycle RMS over 29 joints of (q_des - q)
0.64,0.042626,0.049923,0.048514,0.042617,0.078390,0.061918,rad,per-cycle RMS over 29 joints of (q_des - q)
0.66,0.041987,0.050293,0.047674,0.041201,0.084299,0.070463,rad,per-cycle RMS over 29 joints of (q_des - q)
0.68,0.042507,0.051207,0.047759,0.039074,0.088072,0.074575,rad,per-cycle RMS over 29 joints of (q_des - q)
0.70,0.042228,0.055362,0.049120,0.037910,0.094725,0.083052,rad,per-cycle RMS over 29 joints of (q_des - q)
0.72,0.040565,0.060578,0.053147,0.037022,0.095466,0.091120,rad,per-cycle RMS over 29 joints of (q_des - q)
0.74,0.039127,0.063337,0.058852,0.035795,0.089699,0.091584,rad,per-cycle RMS over 29 joints of (q_des - q)
0.76,0.038127,0.061958,0.061299,0.034752,0.082522,0.085428,rad,per-cycle RMS over 29 joints of (q_des - q)
0.78,0.036877,0.058291,0.059928,0.034458,0.075236,0.078246,rad,per-cycle RMS over 29 joints of (q_des - q)
0.80,0.036080,0.053350,0.056468,0.034232,0.068934,0.071434,rad,per-cycle RMS over 29 joints of (q_des - q)
0.82,0.035404,0.048600,0.051887,0.034532,0.064566,0.065503,rad,per-cycle RMS over 29 joints of (q_des - q)
0.84,0.034689,0.047377,0.047694,0.035660,0.064122,0.061438,rad,per-cycle RMS over 29 joints of (q_des - q)
0.86,0.034034,0.048406,0.046331,0.036625,0.066606,0.060682,rad,per-cycle RMS over 29 joints of (q_des - q)
0.88,0.033429,0.050910,0.046632,0.037808,0.071343,0.062057,rad,per-cycle RMS over 29 joints of (q_des - q)
0.90,0.032834,0.055042,0.049565,0.039207,0.077836,0.067927,rad,per-cycle RMS over 29 joints of (q_des - q)
0.92,0.032197,0.056833,0.053654,0.040454,0.075778,0.073101,rad,per-cycle RMS over 29 joints of (q_des - q)
0.94,0.031542,0.053970,0.054549,0.041292,0.067332,0.070595,rad,per-cycle RMS over 29 joints of (q_des - q)
0.96,0.030925,0.049465,0.051676,0.041862,0.057634,0.062975,rad,per-cycle RMS over 29 joints of (q_des - q)
0.98,0.030378,0.044913,0.047882,0.041888,0.048714,0.054812,rad,per-cycle RMS over 29 joints of (q_des - q)
1.00,0.029972,0.041029,0.044250,0.041818,0.044128,0.047321,rad,per-cycle RMS over 29 joints of (q_des - q)
1.02,0.029773,0.040133,0.040997,0.041837,0.046485,0.042595,rad,per-cycle RMS over 29 joints of (q_des - q)
1.04,0.029772,0.042478,0.040011,0.041520,0.052857,0.042954,rad,per-cycle RMS over 29 joints of (q_des - q)
1.06,0.029895,0.044370,0.041971,0.041069,0.063091,0.049554,rad,per-cycle RMS over 29 joints of (q_des - q)
1.08,0.030081,0.043005,0.043249,0.040361,0.071334,0.060433,rad,per-cycle RMS over 29 joints of (q_des - q)
1.10,0.030262,0.039668,0.041509,0.039620,0.075995,0.069146,rad,per-cycle RMS over 29 joints of (q_des - q)
1.12,0.030404,0.036129,0.038240,0.039019,0.076815,0.073959,rad,per-cycle RMS over 29 joints of (q_des - q)
1.14,0.030539,0.033501,0.035233,0.038418,0.073716,0.073983,rad,per-cycle RMS over 29 joints of (q_des - q)
1.16,0.030668,0.032813,0.033034,0.037727,0.068906,0.071503,rad,per-cycle RMS over 29 joints of (q_des - q)
1.18,0.030814,0.034840,0.032672,0.036386,0.067476,0.067960,rad,per-cycle RMS over 29 joints of (q_des - q)
1.20,0.031007,0.037130,0.034677,0.035438,0.073996,0.067339,rad,per-cycle RMS over 29 joints of (q_des - q)
1.22,0.031228,0.037465,0.036448,0.034525,0.087433,0.073250,rad,per-cycle RMS over 29 joints of (q_des - q)
1.24,0.031465,0.036033,0.036613,0.033331,0.101011,0.085025,rad,per-cycle RMS over 29 joints of (q_des - q)
1.26,0.031695,0.033705,0.035410,0.032142,0.101680,0.097082,rad,per-cycle RMS over 29 joints of (q_des - q)
1.28,0.031877,0.031251,0.033311,0.031167,0.094148,0.097341,rad,per-cycle RMS over 29 joints of (q_des - q)
1.30,0.032026,0.030086,0.031151,0.029973,0.082930,0.090214,rad,per-cycle RMS over 29 joints of (q_des - q)
1.32,0.032179,0.029730,0.030246,0.028992,0.067250,0.079804,rad,per-cycle RMS over 29 joints of (q_des - q)
1.34,0.032336,0.029511,0.029829,0.028424,0.056149,0.065671,rad,per-cycle RMS over 29 joints of (q_des - q)
1.36,0.032497,0.029726,0.029634,0.028142,0.054789,0.055257,rad,per-cycle RMS over 29 joints of (q_des - q)
1.38,0.032646,0.030508,0.029868,0.028288,0.054524,0.051521,rad,per-cycle RMS over 29 joints of (q_des - q)
1.40,0.032708,0.031592,0.030651,0.028715,0.053001,0.050582,rad,per-cycle RMS over 29 joints of (q_des - q)
1.42,0.032650,0.032678,0.031704,0.029194,0.047230,0.049999,rad,per-cycle RMS over 29 joints of (q_des - q)
1.44,0.032480,0.033614,0.032743,0.029962,0.041173,0.044320,rad,per-cycle RMS over 29 joints of (q_des - q)
1.46,0.032256,0.034400,0.033634,0.030918,0.036962,0.039044,rad,per-cycle RMS over 29 joints of (q_des - q)
1.48,0.032018,0.035082,0.034388,0.031742,0.037312,0.035611,rad,per-cycle RMS over 29 joints of (q_des - q)
1.50,0.031787,0.035699,0.035051,0.032342,0.039370,0.035857,rad,per-cycle RMS over 29 joints of (q_des - q)
1.52,0.031546,0.036248,0.035661,0.033197,0.041641,0.037604,rad,per-cycle RMS over 29 joints of (q_des - q)
1.54,0.031271,0.036703,0.036204,0.033802,0.043281,0.039998,rad,per-cycle RMS over 29 joints of (q_des - q)
1.56,0.030975,0.037070,0.036642,0.034109,0.044184,0.042231,rad,per-cycle RMS over 29 joints of (q_des - q)
1.58,0.030694,0.037349,0.036986,0.034356,0.043188,0.043531,rad,per-cycle RMS over 29 joints of (q_des - q)
1.60,0.030456,0.037545,0.037242,0.034584,0.040489,0.041963,rad,per-cycle RMS over 29 joints of (q_des - q)
1.62,0.030301,0.037666,0.037414,0.034717,0.037272,0.039189,rad,per-cycle RMS over 29 joints of (q_des - q)
1.64,0.030226,0.037715,0.037507,0.034977,0.034256,0.036039,rad,per-cycle RMS over 29 joints of (q_des - q)
1.66,0.030221,0.037676,0.037519,0.035388,0.032146,0.033348,rad,per-cycle RMS over 29 joints of (q_des - q)
1.68,0.030175,0.037495,0.037436,0.035530,0.032019,0.031678,rad,per-cycle RMS over 29 joints of (q_des - q)
1.70,0.030128,0.037163,0.037203,0.035233,0.032545,0.031788,rad,per-cycle RMS over 29 joints of (q_des - q)
1.72,0.030063,0.036709,0.036819,0.034901,0.032787,0.032202,rad,per-cycle RMS over 29 joints of (q_des - q)
1.74,0.029966,0.036165,0.036327,0.034517,0.033493,0.032530,rad,per-cycle RMS over 29 joints of (q_des - q)
1.76,0.029888,0.035619,0.035760,0.034074,0.034154,0.033420,rad,per-cycle RMS over 29 joints of (q_des - q)
1.78,0.029914,0.035136,0.035200,0.033591,0.034944,0.034076,rad,per-cycle RMS over 29 joints of (q_des - q)
1.80,0.029972,0.034702,0.034707,0.033337,0.035951,0.034921,rad,per-cycle RMS over 29 joints of (q_des - q)
1.82,0.030029,0.034302,0.034261,0.033032,0.037414,0.036045,rad,per-cycle RMS over 29 joints of (q_des - q)
1.84,0.030079,0.033921,0.033843,0.032817,0.038873,0.037600,rad,per-cycle RMS over 29 joints of (q_des - q)
1.86,0.030075,0.033521,0.033444,0.032536,0.040338,0.039112,rad,per-cycle RMS over 29 joints of (q_des - q)
1.88,0.029976,0.033072,0.033029,0.032223,0.041566,0.040526,rad,per-cycle RMS over 29 joints of (q_des - q)
1.90,0.029800,0.032560,0.032571,0.031728,0.042600,0.041650,rad,per-cycle RMS over 29 joints of (q_des - q)
1.92,0.029546,0.032028,0.032060,0.031276,0.043535,0.042611,rad,per-cycle RMS over 29 joints of (q_des - q)
1.94,0.029248,0.031521,0.031554,0.030761,0.043998,0.043415,rad,per-cycle RMS over 29 joints of (q_des - q)
1.96,0.028970,0.031083,0.031089,0.029866,0.044116,0.043757,rad,per-cycle RMS over 29 joints of (q_des - q)
1.98,0.028805,0.030767,0.030700,0.029663,0.044085,0.043762,rad,per-cycle RMS over 29 joints of (q_des - q)
2.00,0.028689,0.030554,0.030431,0.029682,0.043730,0.043582,rad,per-cycle RMS over 29 joints of (q_des - q)
2.02,0.028617,0.030421,0.030274,0.029411,0.043125,0.043091,rad,per-cycle RMS over 29 joints of (q_des - q)
2.04,0.028582,0.030360,0.030209,0.029251,0.042378,0.042379,rad,per-cycle RMS over 29 joints of (q_des - q)
2.06,0.028619,0.030420,0.030220,0.029276,0.041632,0.041529,rad,per-cycle RMS over 29 joints of (q_des - q)
2.08,0.028754,0.030598,0.030342,0.029396,0.040684,0.040745,rad,per-cycle RMS over 29 joints of (q_des - q)
2.10,0.028913,0.030782,0.030563,0.029387,0.039523,0.039746,rad,per-cycle RMS over 29 joints of (q_des - q)
2.12,0.029042,0.030870,0.030775,0.029681,0.038524,0.038431,rad,per-cycle RMS over 29 joints of (q_des - q)
2.14,0.029159,0.030911,0.030883,0.029899,0.037922,0.037751,rad,per-cycle RMS over 29 joints of (q_des - q)
2.16,0.029284,0.030924,0.030939,0.029694,0.037260,0.037208,rad,per-cycle RMS over 29 joints of (q_des - q)
2.18,0.029418,0.030876,0.030965,0.029685,0.036616,0.036627,rad,per-cycle RMS over 29 joints of (q_des - q)
2.20,0.029533,0.030789,0.030926,0.029907,0.036045,0.035889,rad,per-cycle RMS over 29 joints of (q_des - q)
2.22,0.029623,0.030654,0.030843,0.029577,0.035701,0.035438,rad,per-cycle RMS over 29 joints of (q_des - q)
2.24,0.029693,0.030467,0.030705,0.029457,0.035404,0.035171,rad,per-cycle RMS over 29 joints of (q_des - q)
2.26,0.029733,0.030221,0.030515,0.029515,0.035037,0.034816,rad,per-cycle RMS over 29 joints of (q_des - q)
2.28,0.029739,0.029884,0.030266,0.029208,0.034742,0.034435,rad,per-cycle RMS over 29 joints of (q_des - q)
2.30,0.029728,0.029507,0.029928,0.029059,0.034365,0.034178,rad,per-cycle RMS over 29 joints of (q_des - q)
2.32,0.029763,0.029190,0.029560,0.028951,0.034307,0.033826,rad,per-cycle RMS over 29 joints of (q_des - q)
2.34,0.029839,0.028929,0.029260,0.028985,0.034113,0.034058,rad,per-cycle RMS over 29 joints of (q_des - q)
2.36,0.029944,0.028752,0.029017,0.028982,0.033857,0.033740,rad,per-cycle RMS over 29 joints of (q_des - q)
2.38,0.030069,0.028668,0.028861,0.028947,0.033482,0.033508,rad,per-cycle RMS over 29 joints of (q_des - q)
2.40,0.030137,0.028619,0.028802,0.029130,0.033052,0.033181,rad,per-cycle RMS over 29 joints of (q_des - q)
2.42,0.030172,0.028615,0.028778,0.029147,0.032162,0.032743,rad,per-cycle RMS over 29 joints of (q_des - q)
2.44,0.030225,0.028718,0.028807,0.029197,0.031502,0.031889,rad,per-cycle RMS over 29 joints of (q_des - q)
2.46,0.030284,0.028943,0.028950,0.029243,0.030771,0.031181,rad,per-cycle RMS over 29 joints of (q_des - q)
2.48,0.030377,0.029309,0.029219,0.029288,0.030107,0.030517,rad,per-cycle RMS over 29 joints of (q_des - q)
2.50,0.030506,0.029785,0.029619,0.029396,0.029407,0.029888,rad,per-cycle RMS over 29 joints of (q_des - q)
2.52,0.030641,0.030322,0.030122,0.029520,0.028636,0.029237,rad,per-cycle RMS over 29 joints of (q_des - q)
2.54,0.030716,0.030873,0.030670,0.029648,0.028099,0.028499,rad,per-cycle RMS over 29 joints of (q_des - q)
2.56,0.030746,0.031402,0.031211,0.029760,0.027587,0.028018,rad,per-cycle RMS over 29 joints of (q_des - q)
2.58,0.030692,0.031880,0.031726,0.029931,0.027327,0.027647,rad,per-cycle RMS over 29 joints of (q_des - q)
2.60,0.030675,0.032415,0.032196,0.030208,0.027242,0.027427,rad,per-cycle RMS over 29 joints of (q_des - q)
2.62,0.030743,0.033044,0.032731,0.030465,0.027140,0.027420,rad,per-cycle RMS over 29 joints of (q_des - q)
2.64,0.030833,0.033716,0.033360,0.030660,0.027211,0.027401,rad,per-cycle RMS over 29 joints of (q_des - q)
2.66,0.030941,0.034420,0.034027,0.031059,0.027581,0.027483,rad,per-cycle RMS over 29 joints of (q_des - q)
2.68,0.031056,0.035117,0.034713,0.031406,0.027745,0.027914,rad,per-cycle RMS over 29 joints of (q_des - q)
2.70,0.031194,0.035790,0.035383,0.031833,0.028148,0.028228,rad,per-cycle RMS over 29 joints of (q_des - q)
2.72,0.031341,0.036425,0.036020,0.032331,0.027719,0.028154,rad,per-cycle RMS over 29 joints of (q_des - q)
2.74,0.031477,0.036981,0.036611,0.032677,0.028448,0.027807,rad,per-cycle RMS over 29 joints of (q_des - q)
2.76,0.031603,0.037434,0.037112,0.032848,0.029586,0.028933,rad,per-cycle RMS over 29 joints of (q_des - q)
2.78,0.031720,0.037766,0.037503,0.033297,0.030465,0.030308,rad,per-cycle RMS over 29 joints of (q_des - q)
2.80,0.031764,0.037927,0.037761,0.033480,0.030735,0.030906,rad,per-cycle RMS over 29 joints of (q_des - q)
2.82,0.031669,0.037876,0.037840,0.033314,0.031133,0.030995,rad,per-cycle RMS over 29 joints of (q_des - q)
2.84,0.031453,0.037620,0.037710,0.033261,0.031062,0.031048,rad,per-cycle RMS over 29 joints of (q_des - q)
2.86,0.031160,0.037203,0.037382,0.032985,0.031336,0.030918,rad,per-cycle RMS over 29 joints of (q_des - q)
2.88,0.030868,0.036695,0.036912,0.032548,0.031624,0.031774,rad,per-cycle RMS over 29 joints of (q_des - q)
2.90,0.030596,0.036145,0.036370,0.032243,0.031619,0.031869,rad,per-cycle RMS over 29 joints of (q_des - q)
2.92,0.030411,0.035619,0.035806,0.031975,0.031714,0.031526,rad,per-cycle RMS over 29 joints of (q_des - q)
2.94,0.030302,0.035113,0.035273,0.031683,0.031865,0.031862,rad,per-cycle RMS over 29 joints of (q_des - q)
2.96,0.030172,0.034567,0.034761,0.031370,0.032024,0.031990,rad,per-cycle RMS over 29 joints of (q_des - q)
2.98,0.030031,0.034001,0.034210,0.031120,0.032140,0.032099,rad,per-cycle RMS over 29 joints of (q_des - q)
3.00,0.029811,0.033381,0.033648,0.030801,0.032074,0.032188,rad,per-cycle RMS over 29 joints of (q_des - q)
3.02,0.029596,0.032769,0.033040,0.030516,0.032002,0.032111,rad,per-cycle RMS over 29 joints of (q_des - q)
3.04,0.029513,0.032282,0.032454,0.030369,0.031989,0.032034,rad,per-cycle RMS over 29 joints of (q_des - q)
3.06,0.029515,0.031943,0.032002,0.030325,0.032054,0.032031,rad,per-cycle RMS over 29 joints of (q_des - q)
3.08,0.029585,0.031745,0.031703,0.030356,0.032169,0.032096,rad,per-cycle RMS over 29 joints of (q_des - q)
3.10,0.029723,0.031666,0.031534,0.030450,0.032355,0.032176,rad,per-cycle RMS over 29 joints of (q_des - q)
3.12,0.029867,0.031651,0.031473,0.030533,0.032544,0.032348,rad,per-cycle RMS over 29 joints of (q_des - q)
3.14,0.029937,0.031638,0.031471,0.030528,0.032623,0.032504,rad,per-cycle RMS over 29 joints of (q_des - q)
3.16,0.029972,0.031595,0.031459,0.030634,0.032665,0.032552,rad,per-cycle RMS over 29 joints of (q_des - q)
3.18,0.029954,0.031488,0.031415,0.030508,0.032481,0.032367,rad,per-cycle RMS over 29 joints of (q_des - q)
3.20,0.029874,0.031331,0.031314,0.030275,0.032438,0.032402,rad,per-cycle RMS over 29 joints of (q_des - q)
3.22,0.029791,0.031161,0.031170,0.030391,0.032302,0.032360,rad,per-cycle RMS over 29 joints of (q_des - q)
3.24,0.029736,0.031015,0.031019,0.030209,0.032020,0.031993,rad,per-cycle RMS over 29 joints of (q_des - q)
3.26,0.029742,0.030939,0.030899,0.030018,0.032041,0.031948,rad,per-cycle RMS over 29 joints of (q_des - q)
3.28,0.029791,0.030920,0.030850,0.030188,0.030983,0.031204,rad,per-cycle RMS over 29 joints of (q_des - q)
3.30,0.029849,0.030921,0.030852,0.030141,0.030841,0.030386,rad,per-cycle RMS over 29 joints of (q_des - q)
3.32,0.029867,0.030878,0.030864,0.030041,0.031450,0.030690,rad,per-cycle RMS over 29 joints of (q_des - q)
3.34,0.029817,0.030752,0.030832,0.029998,0.032091,0.031940,rad,per-cycle RMS over 29 joints of (q_des - q)
3.36,0.029753,0.030577,0.030718,0.029879,0.031200,0.031816,rad,per-cycle RMS over 29 joints of (q_des - q)
3.38,0.029723,0.030412,0.030560,0.029787,0.031141,0.031039,rad,per-cycle RMS over 29 joints of (q_des - q)
3.40,0.029758,0.030301,0.030415,0.029753,0.031649,0.031231,rad,per-cycle RMS over 29 joints of (q_des - q)
3.42,0.029857,0.030270,0.030327,0.029822,0.031211,0.031172,rad,per-cycle RMS over 29 joints of (q_des - q)
3.44,0.029984,0.030288,0.030311,0.029940,0.030644,0.030831,rad,per-cycle RMS over 29 joints of (q_des - q)
3.46,0.030070,0.030264,0.030333,0.030041,0.030597,0.030247,rad,per-cycle RMS over 29 joints of (q_des - q)
3.48,0.030075,0.030166,0.030313,0.030024,0.031561,0.030620,rad,per-cycle RMS over 29 joints of (q_des - q)
3.50,0.030027,0.030031,0.030230,0.029949,0.032061,0.031491,rad,per-cycle RMS over 29 joints of (q_des - q)
3.52,0.030030,0.029955,0.030116,0.029915,0.031620,0.031670,rad,per-cycle RMS over 29 joints of (q_des - q)
3.54,0.030102,0.029969,0.030067,0.029948,0.031741,0.031848,rad,per-cycle RMS over 29 joints of (q_des - q)
3.56,0.030211,0.030069,0.030105,0.030043,0.032100,0.031690,rad,per-cycle RMS over 29 joints of (q_des - q)
3.58,0.030318,0.030227,0.030223,0.030145,0.031486,0.031612,rad,per-cycle RMS over 29 joints of (q_des - q)
3.60,0.030435,0.030440,0.030396,0.030263,0.031661,0.031429,rad,per-cycle RMS over 29 joints of (q_des - q)
3.62,0.030563,0.030714,0.030620,0.030410,0.031471,0.031686,rad,per-cycle RMS over 29 joints of (q_des - q)
3.64,0.030678,0.031030,0.030911,0.030540,0.031006,0.031198,rad,per-cycle RMS over 29 joints of (q_des - q)
3.66,0.030818,0.031422,0.031245,0.030680,0.030709,0.030716,rad,per-cycle RMS over 29 joints of (q_des - q)
3.68,0.031004,0.031889,0.031653,0.030880,0.030684,0.030616,rad,per-cycle RMS over 29 joints of (q_des - q)
3.70,0.031213,0.032409,0.032129,0.031087,0.030448,0.030456,rad,per-cycle RMS over 29 joints of (q_des - q)
3.72,0.031372,0.032908,0.032649,0.031242,0.030601,0.030403,rad,per-cycle RMS over 29 joints of (q_des - q)
3.74,0.031454,0.033366,0.033139,0.031343,0.030875,0.030532,rad,per-cycle RMS over 29 joints of (q_des - q)
3.76,0.031499,0.033786,0.033580,0.031436,0.030769,0.030870,rad,per-cycle RMS over 29 joints of (q_des - q)
3.78,0.031555,0.034209,0.033983,0.031556,0.030571,0.030806,rad,per-cycle RMS over 29 joints of (q_des - q)
3.80,0.031600,0.034601,0.034392,0.031668,0.030486,0.030515,rad,per-cycle RMS over 29 joints of (q_des - q)
3.82,0.031605,0.034970,0.034773,0.031760,0.030106,0.030591,rad,per-cycle RMS over 29 joints of (q_des - q)
3.84,0.031655,0.035395,0.035135,0.031947,0.029982,0.029958,rad,per-cycle RMS over 29 joints of (q_des - q)
3.86,0.031796,0.035903,0.035561,0.032245,0.030034,0.029981,rad,per-cycle RMS over 29 joints of (q_des - q)
3.88,0.032146,0.036584,0.036067,0.032742,0.030314,0.029678,rad,per-cycle RMS over 29 joints of (q_des - q)
3.90,0.032731,0.037488,0.036742,0.033533,0.031100,0.030104,rad,per-cycle RMS over 29 joints of (q_des - q)
3.92,0.033785,0.038895,0.037604,0.034721,0.032352,0.030713,rad,per-cycle RMS over 29 joints of (q_des - q)
3.94,0.035513,0.041076,0.038912,0.036741,0.034433,0.031752,rad,per-cycle RMS over 29 joints of (q_des - q)
3.96,0.038110,0.044221,0.040920,0.039689,0.037730,0.033531,rad,per-cycle RMS over 29 joints of (q_des - q)
3.98,0.041047,0.047711,0.043743,0.042957,0.041410,0.036398,rad,per-cycle RMS over 29 joints of (q_des - q)
4.00,0.045573,0.052482,0.046744,0.047827,0.046813,0.039558,rad,per-cycle RMS over 29 joints of (q_des - q)
4.02,0.051708,0.059014,0.050914,0.054543,0.053772,0.044330,rad,per-cycle RMS over 29 joints of (q_des - q)
4.04,0.058223,0.066403,0.056571,0.060700,0.061486,0.050400,rad,per-cycle RMS over 29 joints of (q_des - q)
4.06,0.067436,0.076540,0.062823,0.070577,0.071664,0.057017,rad,per-cycle RMS over 29 joints of (q_des - q)
4.08,0.076857,0.087040,0.071603,0.079808,0.080790,0.065896,rad,per-cycle RMS over 29 joints of (q_des - q)
4.10,0.090080,0.101831,0.080577,0.092990,0.093845,0.073620,rad,per-cycle RMS over 29 joints of (q_des - q)
4.12,0.105140,0.118852,0.093659,0.108123,0.108748,0.085274,rad,per-cycle RMS over 29 joints of (q_des - q)
4.14,0.116626,0.132767,0.108629,0.119847,0.120487,0.098658,rad,per-cycle RMS over 29 joints of (q_des - q)
4.16,0.130889,0.148762,0.120306,0.133467,0.135152,0.108690,rad,per-cycle RMS over 29 joints of (q_des - q)
4.18,0.142169,0.162984,0.134038,0.145059,0.148401,0.121523,rad,per-cycle RMS over 29 joints of (q_des - q)
4.20,0.155022,0.177981,0.145622,0.157166,0.163649,0.132706,rad,per-cycle RMS over 29 joints of (q_des - q)
4.22,0.165169,0.190647,0.158076,0.168245,0.178131,0.145685,rad,per-cycle RMS over 29 joints of (q_des - q)
4.24,0.171751,0.198211,0.168573,0.176118,0.191520,0.158083,rad,per-cycle RMS over 29 joints of (q_des - q)
4.26,0.181334,0.208021,0.176081,0.184563,0.206214,0.170290,rad,per-cycle RMS over 29 joints of (q_des - q)
4.28,0.185092,0.211737,0.186237,0.185758,0.212723,0.184273,rad,per-cycle RMS over 29 joints of (q_des - q)
4.30,0.178397,0.204663,0.188877,0.179530,0.210312,0.190445,rad,per-cycle RMS over 29 joints of (q_des - q)
4.32,0.170614,0.195759,0.180975,0.175635,0.206055,0.188862,rad,per-cycle RMS over 29 joints of (q_des - q)
4.34,0.164456,0.188458,0.172703,0.174359,0.202625,0.185478,rad,per-cycle RMS over 29 joints of (q_des - q)
4.36,0.159906,0.183224,0.165462,0.172605,0.200060,0.182107,rad,per-cycle RMS over 29 joints of (q_des - q)
4.38,0.157260,0.178964,0.159297,0.169489,0.197276,0.178563,rad,per-cycle RMS over 29 joints of (q_des - q)
4.40,0.158272,0.177900,0.153782,0.169407,0.195724,0.173504,rad,per-cycle RMS over 29 joints of (q_des - q)
4.42,0.160833,0.178847,0.151765,0.170321,0.194799,0.169321,rad,per-cycle RMS over 29 joints of (q_des - q)
4.44,0.160814,0.178627,0.152011,0.167586,0.191227,0.166122,rad,per-cycle RMS over 29 joints of (q_des - q)
4.46,0.162390,0.180144,0.151080,0.165183,0.188747,0.160802,rad,per-cycle RMS over 29 joints of (q_des - q)
4.48,0.163197,0.182513,0.152492,0.161419,0.186743,0.157393,rad,per-cycle RMS over 29 joints of (q_des - q)
4.50,0.168489,0.189910,0.154924,0.161115,0.189057,0.154972,rad,per-cycle RMS over 29 joints of (q_des - q)
4.52,0.175598,0.199930,0.162298,0.162525,0.192870,0.156823,rad,per-cycle RMS over 29 joints of (q_des - q)
4.54,0.180006,0.205853,0.171983,0.160937,0.193156,0.159607,rad,per-cycle RMS over 29 joints of (q_des - q)
4.56,0.182888,0.209581,0.177084,0.159567,0.193811,0.158832,rad,per-cycle RMS over 29 joints of (q_des - q)
4.58,0.185376,0.213173,0.180551,0.158758,0.193432,0.159398,rad,per-cycle RMS over 29 joints of (q_des - q)
4.60,0.181138,0.209386,0.184123,0.152007,0.187244,0.159656,rad,per-cycle RMS over 29 joints of (q_des - q)
4.62,0.169946,0.199227,0.180983,0.140692,0.174769,0.155620,rad,per-cycle RMS over 29 joints of (q_des - q)
4.64,0.154456,0.184519,0.172522,0.126432,0.156416,0.146340,rad,per-cycle RMS over 29 joints of (q_des - q)
4.66,0.132954,0.160172,0.159670,0.109757,0.131903,0.131026,rad,per-cycle RMS over 29 joints of (q_des - q)
4.68,0.116983,0.140338,0.137966,0.101988,0.114043,0.110901,rad,per-cycle RMS over 29 joints of (q_des - q)
4.70,0.101888,0.118401,0.123266,0.096338,0.100232,0.099326,rad,per-cycle RMS over 29 joints of (q_des - q)
4.72,0.098039,0.108232,0.108597,0.100366,0.100678,0.093011,rad,per-cycle RMS over 29 joints of (q_des - q)
4.74,0.106705,0.112724,0.103769,0.107363,0.107512,0.097274,rad,per-cycle RMS over 29 joints of (q_des - q)
4.76,0.113324,0.117564,0.108291,0.112481,0.112201,0.103024,rad,per-cycle RMS over 29 joints of (q_des - q)
4.78,0.115574,0.120664,0.113217,0.113806,0.115494,0.106886,rad,per-cycle RMS over 29 joints of (q_des - q)
4.80,0.114540,0.123023,0.115771,0.113601,0.118847,0.109485,rad,per-cycle RMS over 29 joints of (q_des - q)
4.82,0.111090,0.122529,0.116744,0.111293,0.120858,0.111481,rad,per-cycle RMS over 29 joints of (q_des - q)
4.84,0.107598,0.120273,0.114297,0.109824,0.122000,0.111478,rad,per-cycle RMS over 29 joints of (q_des - q)
4.86,0.106458,0.120424,0.109601,0.111200,0.125599,0.110075,rad,per-cycle RMS over 29 joints of (q_des - q)
4.88,0.103395,0.118432,0.106784,0.110255,0.127204,0.110710,rad,per-cycle RMS over 29 joints of (q_des - q)
4.90,0.102974,0.118150,0.101795,0.111713,0.130020,0.109379,rad,per-cycle RMS over 29 joints of (q_des - q)
4.92,0.107939,0.123830,0.098745,0.117170,0.136610,0.109309,rad,per-cycle RMS over 29 joints of (q_des - q)
4.94,0.112830,0.130669,0.102352,0.120226,0.142038,0.113433,rad,per-cycle RMS over 29 joints of (q_des - q)
4.96,0.121114,0.138479,0.107399,0.123655,0.146464,0.116765,rad,per-cycle RMS over 29 joints of (q_des - q)
4.98,0.129971,0.146658,0.114124,0.124780,0.148414,0.119355,rad,per-cycle RMS over 29 joints of (q_des - q)
5.00,0.139893,0.157423,0.121960,0.127178,0.151047,0.119906,rad,per-cycle RMS over 29 joints of (q_des - q)
5.02,0.150122,0.168455,0.132169,0.130197,0.154262,0.121318,rad,per-cycle RMS over 29 joints of (q_des - q)
5.04,0.156068,0.174983,0.142693,0.129098,0.154007,0.123420,rad,per-cycle RMS over 29 joints of (q_des - q)
5.06,0.160591,0.179639,0.148954,0.128432,0.152851,0.122228,rad,per-cycle RMS over 29 joints of (q_des - q)
5.08,0.163584,0.182311,0.153629,0.126995,0.151427,0.120523,rad,per-cycle RMS over 29 joints of (q_des - q)
5.10,0.172541,0.190568,0.156472,0.128508,0.156883,0.119175,rad,per-cycle RMS over 29 joints of (q_des - q)
5.12,0.184293,0.201990,0.164661,0.130349,0.166960,0.124442,rad,per-cycle RMS over 29 joints of (q_des - q)
5.14,0.192259,0.210080,0.175522,0.129942,0.171913,0.133502,rad,per-cycle RMS over 29 joints of (q_des - q)
5.16,0.197478,0.216162,0.182554,0.127391,0.169738,0.136409,rad,per-cycle RMS over 29 joints of (q_des - q)
5.18,0.201262,0.221331,0.187631,0.129813,0.164011,0.133077,rad,per-cycle RMS over 29 joints of (q_des - q)
5.20,0.190527,0.213723,0.192385,0.124458,0.148602,0.128403,rad,per-cycle RMS over 29 joints of (q_des - q)
5.22,0.183916,0.211681,0.185666,0.133886,0.148506,0.117079,rad,per-cycle RMS over 29 joints of (q_des - q)
5.24,0.179056,0.204251,0.184215,0.151293,0.160901,0.126029,rad,per-cycle RMS over 29 joints of (q_des - q)
5.26,0.178657,0.197826,0.177126,0.169778,0.175869,0.144295,rad,per-cycle RMS over 29 joints of (q_des - q)
5.28,0.177092,0.193236,0.174339,0.179938,0.186824,0.163420,rad,per-cycle RMS over 29 joints of (q_des - q)
5.30,0.176599,0.194453,0.175659,0.182929,0.193098,0.175025,rad,per-cycle RMS over 29 joints of (q_des - q)
5.32,0.170784,0.192819,0.179262,0.174744,0.189331,0.178828,rad,per-cycle RMS over 29 joints of (q_des - q)
5.34,0.163038,0.186018,0.178397,0.162964,0.178679,0.172059,rad,per-cycle RMS over 29 joints of (q_des - q)
5.36,0.159562,0.178245,0.171079,0.156269,0.165298,0.160832,rad,per-cycle RMS over 29 joints of (q_des - q)
5.38,0.172040,0.186321,0.163537,0.164216,0.163357,0.149383,rad,per-cycle RMS over 29 joints of (q_des - q)
5.40,0.193882,0.211924,0.174804,0.190066,0.198435,0.151714,rad,per-cycle RMS over 29 joints of (q_des - q)
5.42,0.211513,0.233603,0.200645,0.214092,0.240728,0.189897,rad,per-cycle RMS over 29 joints of (q_des - q)
5.44,0.213972,0.241136,0.215552,0.220832,0.257636,0.223990,rad,per-cycle RMS over 29 joints of (q_des - q)
5.46,0.213151,0.242188,0.216403,0.223603,0.261266,0.231578,rad,per-cycle RMS over 29 joints of (q_des - q)
5.48,0.212094,0.241075,0.213624,0.222034,0.257933,0.230327,rad,per-cycle RMS over 29 joints of (q_des - q)
5.50,0.228532,0.256536,0.210540,0.233838,0.268301,0.224405,rad,per-cycle RMS over 29 joints of (q_des - q)
5.52,0.256977,0.284683,0.224484,0.251482,0.289455,0.232327,rad,per-cycle RMS over 29 joints of (q_des - q)
5.54,0.267964,0.296005,0.250422,0.247857,0.290063,0.249320,rad,per-cycle RMS over 29 joints of (q_des - q)
5.56,0.260179,0.288810,0.260675,0.228395,0.269379,0.244668,rad,per-cycle RMS over 29 joints of (q_des - q)
5.58,0.248907,0.276975,0.252760,0.213046,0.250159,0.221870,rad,per-cycle RMS over 29 joints of (q_des - q)
5.60,0.234257,0.262157,0.240044,0.197113,0.231119,0.205736,rad,per-cycle RMS over 29 joints of (q_des - q)
5.62,0.211186,0.238338,0.225544,0.169684,0.200706,0.190406,rad,per-cycle RMS over 29 joints of (q_des - q)
5.64,0.191957,0.217547,0.204412,0.147756,0.175729,0.165052,rad,per-cycle RMS over 29 joints of (q_des - q)
5.66,0.183325,0.206151,0.186566,0.141426,0.166498,0.145405,rad,per-cycle RMS over 29 joints of (q_des - q)
5.68,0.179138,0.199902,0.177952,0.140699,0.163566,0.140260,rad,per-cycle RMS over 29 joints of (q_des - q)
5.70,0.184131,0.204340,0.173100,0.148068,0.170958,0.138621,rad,per-cycle RMS over 29 joints of (q_des - q)
5.72,0.191239,0.211295,0.177062,0.156561,0.181898,0.145080,rad,per-cycle RMS over 29 joints of (q_des - q)
5.74,0.191783,0.211984,0.182406,0.158067,0.187326,0.153372,rad,per-cycle RMS over 29 joints of (q_des - q)
5.76,0.188141,0.208760,0.181774,0.155879,0.188110,0.156020,rad,per-cycle RMS over 29 joints of (q_des - q)
5.78,0.182116,0.204126,0.178144,0.150087,0.184009,0.155808,rad,per-cycle RMS over 29 joints of (q_des - q)
5.80,0.164281,0.188516,0.173724,0.133840,0.167868,0.152668,rad,per-cycle RMS over 29 joints of (q_des - q)
5.82,0.139754,0.163269,0.158684,0.115920,0.146452,0.139170,rad,per-cycle RMS over 29 joints of (q_des - q)
5.84,0.119743,0.139476,0.134959,0.104565,0.129950,0.122261,rad,per-cycle RMS over 29 joints of (q_des - q)
5.86,0.105063,0.117804,0.114455,0.097554,0.117077,0.110782,rad,per-cycle RMS over 29 joints of (q_des - q)
5.88,0.103820,0.110971,0.099333,0.099215,0.113684,0.102712,rad,per-cycle RMS over 29 joints of (q_des - q)
5.90,0.108614,0.113775,0.099072,0.106155,0.117352,0.102741,rad,per-cycle RMS over 29 joints of (q_des - q)
5.92,0.114906,0.119147,0.106039,0.112576,0.124305,0.109082,rad,per-cycle RMS over 29 joints of (q_des - q)
5.94,0.119808,0.123715,0.113210,0.116599,0.129750,0.117059,rad,per-cycle RMS over 29 joints of (q_des - q)
5.96,0.121353,0.125025,0.118049,0.115669,0.130620,0.121961,rad,per-cycle RMS over 29 joints of (q_des - q)
5.98,0.120565,0.124292,0.118582,0.112490,0.128759,0.121301,rad,per-cycle RMS over 29 joints of (q_des - q)
6.00,0.118286,0.123702,0.116278,0.107655,0.125982,0.117351,rad,per-cycle RMS over 29 joints of (q_des - q)
6.02,0.115252,0.123389,0.113643,0.103446,0.122783,0.112132,rad,per-cycle RMS over 29 joints of (q_des - q)
6.04,0.111875,0.122680,0.111151,0.101215,0.119252,0.106990,rad,per-cycle RMS over 29 joints of (q_des - q)
6.06,0.111088,0.125044,0.108130,0.109083,0.118307,0.101324,rad,per-cycle RMS over 29 joints of (q_des - q)
6.08,0.111615,0.129309,0.107919,0.125656,0.121307,0.098609,rad,per-cycle RMS over 29 joints of (q_des - q)
6.10,0.113332,0.134457,0.109543,0.134512,0.134318,0.099828,rad,per-cycle RMS over 29 joints of (q_des - q)
6.12,0.118127,0.139812,0.111919,0.133222,0.154055,0.110267,rad,per-cycle RMS over 29 joints of (q_des - q)
6.14,0.123594,0.145318,0.115791,0.134920,0.165091,0.125738,rad,per-cycle RMS over 29 joints of (q_des - q)
6.16,0.131491,0.151543,0.120777,0.139161,0.166791,0.132145,rad,per-cycle RMS over 29 joints of (q_des - q)
6.18,0.138950,0.156739,0.127243,0.139759,0.161143,0.131388,rad,per-cycle RMS over 29 joints of (q_des - q)
6.20,0.149723,0.163576,0.132724,0.145172,0.159193,0.128287,rad,per-cycle RMS over 29 joints of (q_des - q)
6.22,0.163453,0.173513,0.139467,0.140897,0.170918,0.128130,rad,per-cycle RMS over 29 joints of (q_des - q)
6.24,0.182770,0.187530,0.149033,0.132128,0.177520,0.137063,rad,per-cycle RMS over 29 joints of (q_des - q)
6.26,0.209783,0.206790,0.162714,0.134477,0.185297,0.140730,rad,per-cycle RMS over 29 joints of (q_des - q)
6.28,0.227249,0.222260,0.181452,0.135604,0.187133,0.146783,rad,per-cycle RMS over 29 joints of (q_des - q)
6.30,0.238857,0.234201,0.196222,0.138728,0.178803,0.148403,rad,per-cycle RMS over 29 joints of (q_des - q)
6.32,0.244891,0.240898,0.207606,0.137986,0.174541,0.139346,rad,per-cycle RMS over 29 joints of (q_des - q)
6.34,0.235675,0.242413,0.214259,0.132803,0.165022,0.135752,rad,per-cycle RMS over 29 joints of (q_des - q)
6.36,0.219022,0.234936,0.215869,0.138122,0.154551,0.129181,rad,per-cycle RMS over 29 joints of (q_des - q)
6.38,0.208119,0.230093,0.209076,0.159100,0.162768,0.126461,rad,per-cycle RMS over 29 joints of (q_des - q)
6.40,0.196891,0.221491,0.205340,0.181270,0.184343,0.145835,rad,per-cycle RMS over 29 joints of (q_des - q)
6.42,0.189653,0.215930,0.200123,0.199584,0.209814,0.176989,rad,per-cycle RMS over 29 joints of (q_des - q)
6.44,0.185287,0.212632,0.199233,0.206516,0.221909,0.205817,rad,per-cycle RMS over 29 joints of (q_des - q)
6.46,0.190939,0.219059,0.196885,0.214530,0.232962,0.215895,rad,per-cycle RMS over 29 joints of (q_des - q)
6.48,0.191619,0.218310,0.203778,0.207065,0.232472,0.221824,rad,per-cycle RMS over 29 joints of (q_des - q)
6.50,0.195316,0.214559,0.201686,0.200991,0.230487,0.214655,rad,per-cycle RMS over 29 joints of (q_des - q)
6.52,0.201262,0.217551,0.200477,0.204122,0.226428,0.209554,rad,per-cycle RMS over 29 joints of (q_des - q)
6.54,0.205482,0.222476,0.205609,0.208772,0.225198,0.207361,rad,per-cycle RMS over 29 joints of (q_des - q)
6.56,0.213788,0.234806,0.207980,0.220657,0.240189,0.205854,rad,per-cycle RMS over 29 joints of (q_des - q)
6.58,0.221979,0.246348,0.215049,0.228663,0.255974,0.219169,rad,per-cycle RMS over 29 joints of (q_des - q)
6.60,0.229417,0.255272,0.220460,0.232118,0.266016,0.229368,rad,per-cycle RMS over 29 joints of (q_des - q)
6.62,0.241297,0.263695,0.224939,0.237838,0.271984,0.232549,rad,per-cycle RMS over 29 joints of (q_des - q)
6.64,0.242928,0.262524,0.232894,0.230071,0.263539,0.233554,rad,per-cycle RMS over 29 joints of (q_des - q)
6.66,0.235894,0.254770,0.231635,0.212190,0.244876,0.222805,rad,per-cycle RMS over 29 joints of (q_des - q)
6.68,0.224842,0.243389,0.223735,0.191957,0.223688,0.204723,rad,per-cycle RMS over 29 joints of (q_des - q)
6.70,0.213571,0.232759,0.213213,0.174251,0.205457,0.185870,rad,per-cycle RMS over 29 joints of (q_des - q)
6.72,0.200906,0.221815,0.203795,0.158810,0.189938,0.170070,rad,per-cycle RMS over 29 joints of (q_des - q)
6.74,0.187257,0.208437,0.192912,0.144991,0.174859,0.156296,rad,per-cycle RMS over 29 joints of (q_des - q)
6.76,0.174791,0.193774,0.179326,0.133369,0.161068,0.142165,rad,per-cycle RMS over 29 joints of (q_des - q)
6.78,0.164823,0.182472,0.165423,0.123762,0.150003,0.129660,rad,per-cycle RMS over 29 joints of (q_des - q)
6.80,0.162287,0.184882,0.154837,0.120921,0.146109,0.120081,rad,per-cycle RMS over 29 joints of (q_des - q)
6.82,0.162671,0.196239,0.156468,0.121428,0.146643,0.117336,rad,per-cycle RMS over 29 joints of (q_des - q)
6.84,0.157773,0.199353,0.164861,0.117136,0.143422,0.118601,rad,per-cycle RMS over 29 joints of (q_des - q)
6.86,0.146563,0.180817,0.163816,0.107964,0.133710,0.115028,rad,per-cycle RMS over 29 joints of (q_des - q)
6.88,0.135679,0.159943,0.145166,0.099095,0.123344,0.106090,rad,per-cycle RMS over 29 joints of (q_des - q)
6.90,0.114342,0.141298,0.132136,0.083441,0.104623,0.098976,rad,per-cycle RMS over 29 joints of (q_des - q)
6.92,0.091835,0.122822,0.118819,0.071209,0.085952,0.085973,rad,per-cycle RMS over 29 joints of (q_des - q)
6.94,0.087374,0.121655,0.114155,0.076628,0.085197,0.075653,rad,per-cycle RMS over 29 joints of (q_des - q)
6.96,0.091455,0.124436,0.119776,0.087715,0.093279,0.081133,rad,per-cycle RMS over 29 joints of (q_des - q)
6.98,0.100483,0.132877,0.124544,0.099550,0.104578,0.091501,rad,per-cycle RMS over 29 joints of (q_des - q)
7.00,0.110079,0.140987,0.132659,0.109312,0.115269,0.102852,rad,per-cycle RMS over 29 joints of (q_des - q)
7.02,0.117385,0.144374,0.139733,0.115885,0.122797,0.112654,rad,per-cycle RMS over 29 joints of (q_des - q)
7.04,0.119424,0.142816,0.142158,0.117180,0.124838,0.119441,rad,per-cycle RMS over 29 joints of (q_des - q)
7.06,0.117699,0.139485,0.139425,0.115733,0.123069,0.120257,rad,per-cycle RMS over 29 joints of (q_des - q)
7.08,0.115494,0.136624,0.134547,0.114271,0.120823,0.117185,rad,per-cycle RMS over 29 joints of (q_des - q)
7.10,0.112746,0.133378,0.129976,0.112235,0.118825,0.113557,rad,per-cycle RMS over 29 joints of (q_des - q)
7.12,0.109352,0.129415,0.125063,0.109539,0.116138,0.110359,rad,per-cycle RMS over 29 joints of (q_des - q)
7.14,0.104460,0.123749,0.119683,0.105217,0.111704,0.106514,rad,per-cycle RMS over 29 joints of (q_des - q)
7.16,0.099163,0.117450,0.112893,0.100372,0.106791,0.101066,rad,per-cycle RMS over 29 joints of (q_des - q)
7.18,0.094257,0.111553,0.105498,0.095747,0.102174,0.095266,rad,per-cycle RMS over 29 joints of (q_des - q)
7.20,0.090818,0.107658,0.098606,0.092582,0.099609,0.089843,rad,per-cycle RMS over 29 joints of (q_des - q)
7.22,0.089853,0.107015,0.093729,0.092029,0.100354,0.086232,rad,per-cycle RMS over 29 joints of (q_des - q)
7.24,0.089613,0.107958,0.092138,0.092140,0.102623,0.085653,rad,per-cycle RMS over 29 joints of (q_des - q)
7.26,0.090738,0.111227,0.092019,0.094199,0.107303,0.086310,rad,per-cycle RMS over 29 joints of (q_des - q)
7.28,0.090989,0.114351,0.093968,0.095626,0.111027,0.089110,rad,per-cycle RMS over 29 joints of (q_des - q)
7.30,0.092787,0.118630,0.095774,0.099357,0.115658,0.090965,rad,per-cycle RMS over 29 joints of (q_des - q)
7.32,0.097736,0.123737,0.098578,0.105472,0.121386,0.093639,rad,per-cycle RMS over 29 joints of (q_des - q)
7.34,0.104121,0.128674,0.102433,0.111937,0.126697,0.097568,rad,per-cycle RMS over 29 joints of (q_des - q)
7.36,0.113599,0.135581,0.106839,0.120820,0.132954,0.101306,rad,per-cycle RMS over 29 joints of (q_des - q)
7.38,0.123673,0.142684,0.113375,0.127138,0.139079,0.106263,rad,per-cycle RMS over 29 joints of (q_des - q)
7.40,0.135381,0.152886,0.120326,0.132269,0.148788,0.111425,rad,per-cycle RMS over 29 joints of (q_des - q)
7.42,0.144234,0.163315,0.130658,0.135093,0.159486,0.121314,rad,per-cycle RMS over 29 joints of (q_des - q)
7.44,0.143412,0.163766,0.140966,0.134047,0.161215,0.133320,rad,per-cycle RMS over 29 joints of (q_des - q)
7.46,0.142251,0.160699,0.142089,0.137238,0.159584,0.137116,rad,per-cycle RMS over 29 joints of (q_des - q)
7.48,0.148198,0.160066,0.143539,0.145075,0.157218,0.139896,rad,per-cycle RMS over 29 joints of (q_des - q)
7.50,0.143623,0.156614,0.147056,0.149360,0.154109,0.141618,rad,per-cycle RMS over 29 joints of (q_des - q)
7.52,0.147250,0.161183,0.147957,0.157851,0.157973,0.143650,rad,per-cycle RMS over 29 joints of (q_des - q)
7.54,0.156408,0.162294,0.157077,0.161232,0.163244,0.152504,rad,per-cycle RMS over 29 joints of (q_des - q)
7.56,0.156366,0.161513,0.158001,0.161762,0.162946,0.157642,rad,per-cycle RMS over 29 joints of (q_des - q)
7.58,0.146843,0.157317,0.156665,0.153011,0.157287,0.157081,rad,per-cycle RMS over 29 joints of (q_des - q)
7.60,0.142675,0.160685,0.153128,0.150356,0.158590,0.151731,rad,per-cycle RMS over 29 joints of (q_des - q)
7.62,0.153185,0.170539,0.156664,0.158964,0.173340,0.154118,rad,per-cycle RMS over 29 joints of (q_des - q)
7.64,0.160750,0.175717,0.164144,0.164687,0.184801,0.166976,rad,per-cycle RMS over 29 joints of (q_des - q)
7.66,0.168072,0.179608,0.165146,0.171810,0.188569,0.174308,rad,per-cycle RMS over 29 joints of (q_des - q)
7.68,0.172830,0.182387,0.165179,0.177219,0.191250,0.173123,rad,per-cycle RMS over 29 joints of (q_des - q)
7.70,0.173312,0.185711,0.165051,0.178498,0.194416,0.172042,rad,per-cycle RMS over 29 joints of (q_des - q)
7.72,0.173065,0.188868,0.165736,0.177968,0.195766,0.172608,rad,per-cycle RMS over 29 joints of (q_des - q)
7.74,0.171404,0.191278,0.166636,0.174595,0.193617,0.171782,rad,per-cycle RMS over 29 joints of (q_des - q)
7.76,0.171815,0.192661,0.167246,0.171808,0.190444,0.167899,rad,per-cycle RMS over 29 joints of (q_des - q)
7.78,0.172479,0.194209,0.167296,0.170634,0.188658,0.163577,rad,per-cycle RMS over 29 joints of (q_des - q)
7.80,0.173499,0.194259,0.167720,0.169262,0.187330,0.160778,rad,per-cycle RMS over 29 joints of (q_des - q)
7.82,0.174269,0.195065,0.167625,0.167836,0.185950,0.158564,rad,per-cycle RMS over 29 joints of (q_des - q)
7.84,0.174676,0.196480,0.168881,0.165887,0.184839,0.156727,rad,per-cycle RMS over 29 joints of (q_des - q)
7.86,0.176464,0.198288,0.171011,0.164091,0.184951,0.155698,rad,per-cycle RMS over 29 joints of (q_des - q)
7.88,0.178098,0.199052,0.173493,0.161343,0.184625,0.155984,rad,per-cycle RMS over 29 joints of (q_des - q)
7.90,0.174994,0.195159,0.174332,0.153083,0.178961,0.155188,rad,per-cycle RMS over 29 joints of (q_des - q)
7.92,0.167133,0.183331,0.169622,0.139656,0.165297,0.148010,rad,per-cycle RMS over 29 joints of (q_des - q)
7.94,0.158467,0.170185,0.157087,0.126168,0.148552,0.133224,rad,per-cycle RMS over 29 joints of (q_des - q)
7.96,0.150547,0.162109,0.143873,0.114938,0.134524,0.116936,rad,per-cycle RMS over 29 joints of (q_des - q)
7.98,0.141270,0.154702,0.135760,0.106576,0.123187,0.104977,rad,per-cycle RMS over 29 joints of (q_des - q)
8.00,0.125977,0.143905,0.129119,0.097720,0.110951,0.096838,rad,per-cycle RMS over 29 joints of (q_des - q)
8.02,0.108079,0.133744,0.120961,0.090373,0.101305,0.088542,rad,per-cycle RMS over 29 joints of (q_des - q)
8.04,0.097988,0.127709,0.115100,0.088822,0.098300,0.083966,rad,per-cycle RMS over 29 joints of (q_des - q)
8.06,0.094333,0.124285,0.115014,0.090350,0.097828,0.085772,rad,per-cycle RMS over 29 joints of (q_des - q)
8.08,0.098014,0.125407,0.116963,0.096987,0.101609,0.089284,rad,per-cycle RMS over 29 joints of (q_des - q)
8.10,0.101978,0.126186,0.120947,0.103680,0.105909,0.095718,rad,per-cycle RMS over 29 joints of (q_des - q)
8.12,0.108093,0.127943,0.123034,0.112023,0.112704,0.101780,rad,per-cycle RMS over 29 joints of (q_des - q)
8.14,0.115850,0.131095,0.125360,0.120225,0.120484,0.109613,rad,per-cycle RMS over 29 joints of (q_des - q)
8.16,0.121796,0.134184,0.128519,0.125736,0.125888,0.117632,rad,per-cycle RMS over 29 joints of (q_des - q)
8.18,0.125381,0.135388,0.131466,0.128248,0.128388,0.122914,rad,per-cycle RMS over 29 joints of (q_des - q)
8.20,0.125923,0.133830,0.132348,0.127315,0.126553,0.124880,rad,per-cycle RMS over 29 joints of (q_des - q)
8.22,0.125145,0.131457,0.130284,0.124831,0.123359,0.122228,rad,per-cycle RMS over 29 joints of (q_des - q)
8.24,0.124383,0.129611,0.127098,0.122042,0.121517,0.117818,rad,per-cycle RMS over 29 joints of (q_des - q)
8.26,0.124581,0.129978,0.123955,0.119666,0.122820,0.114259,rad,per-cycle RMS over 29 joints of (q_des - q)
8.28,0.124660,0.131667,0.122489,0.116951,0.125546,0.113302,rad,per-cycle RMS over 29 joints of (q_des - q)
8.30,0.125470,0.135098,0.121940,0.115673,0.129589,0.113446,rad,per-cycle RMS over 29 joints of (q_des - q)
8.32,0.128170,0.140986,0.122620,0.116705,0.135726,0.114535,rad,per-cycle RMS over 29 joints of (q_des - q)
8.34,0.131097,0.147857,0.125308,0.118777,0.142934,0.117501,rad,per-cycle RMS over 29 joints of (q_des - q)
8.36,0.137772,0.156667,0.128643,0.123839,0.152343,0.121461,rad,per-cycle RMS over 29 joints of (q_des - q)
8.38,0.145689,0.165931,0.134259,0.128426,0.160302,0.127490,rad,per-cycle RMS over 29 joints of (q_des - q)
8.40,0.154861,0.174600,0.141360,0.134880,0.165151,0.132117,rad,per-cycle RMS over 29 joints of (q_des - q)
8.42,0.163538,0.183410,0.149352,0.145949,0.166247,0.133986,rad,per-cycle RMS over 29 joints of (q_des - q)
8.44,0.171161,0.190288,0.158135,0.153494,0.163542,0.132897,rad,per-cycle RMS over 29 joints of (q_des - q)
8.46,0.181165,0.197364,0.165212,0.151360,0.160937,0.128982,rad,per-cycle RMS over 29 joints of (q_des - q)
8.48,0.192944,0.203490,0.172478,0.150409,0.158617,0.125924,rad,per-cycle RMS over 29 joints of (q_des - q)
8.50,0.204744,0.210792,0.178756,0.163136,0.160107,0.123568,rad,per-cycle RMS over 29 joints of (q_des - q)
8.52,0.221220,0.219411,0.185957,0.166799,0.164603,0.124673,rad,per-cycle RMS over 29 joints of (q_des - q)
8.54,0.236927,0.227177,0.194172,0.160159,0.168285,0.128424,rad,per-cycle RMS over 29 joints of (q_des - q)
8.56,0.243309,0.233758,0.201413,0.149838,0.168549,0.131555,rad,per-cycle RMS over 29 joints of (q_des - q)
8.58,0.243300,0.236751,0.207483,0.131439,0.166452,0.131592,rad,per-cycle RMS over 29 joints of (q_des - q)
8.60,0.231017,0.231539,0.210243,0.119228,0.161243,0.131044,rad,per-cycle RMS over 29 joints of (q_des - q)
8.62,0.211063,0.219897,0.205568,0.116366,0.150749,0.129389,rad,per-cycle RMS over 29 joints of (q_des - q)
8.64,0.204044,0.214206,0.194959,0.137029,0.153394,0.124732,rad,per-cycle RMS over 29 joints of (q_des - q)
8.66,0.206216,0.224398,0.191567,0.172014,0.185034,0.136918,rad,per-cycle RMS over 29 joints of (q_des - q)
8.68,0.197823,0.227101,0.204067,0.188926,0.210671,0.176054,rad,per-cycle RMS over 29 joints of (q_des - q)
8.70,0.185314,0.214061,0.205932,0.191076,0.219717,0.201311,rad,per-cycle RMS over 29 joints of (q_des - q)
8.72,0.179684,0.202170,0.194358,0.190682,0.218249,0.207022,rad,per-cycle RMS over 29 joints of (q_des - q)
8.74,0.167141,0.189546,0.187104,0.179959,0.203794,0.202981,rad,per-cycle RMS over 29 joints of (q_des - q)
8.76,0.168905,0.191057,0.175692,0.188738,0.204844,0.185901,rad,per-cycle RMS over 29 joints of (q_des - q)
8.78,0.176232,0.199732,0.174703,0.192523,0.217991,0.184170,rad,per-cycle RMS over 29 joints of (q_des - q)
8.80,0.189197,0.207277,0.185599,0.201362,0.221549,0.197020,rad,per-cycle RMS over 29 joints of (q_des - q)
8.82,0.208538,0.227738,0.190574,0.220703,0.240073,0.199366,rad,per-cycle RMS over 29 joints of (q_des - q)
8.84,0.218265,0.240805,0.207198,0.229686,0.253462,0.215606,rad,per-cycle RMS over 29 joints of (q_des - q)
8.86,0.220571,0.242298,0.214825,0.228747,0.256118,0.224992,rad,per-cycle RMS over 29 joints of (q_des - q)
8.88,0.216795,0.234614,0.212379,0.219866,0.245354,0.222830,rad,per-cycle RMS over 29 joints of (q_des - q)
8.90,0.208180,0.224578,0.203617,0.202920,0.228139,0.208795,rad,per-cycle RMS over 29 joints of (q_des - q)
8.92,0.201073,0.216973,0.194306,0.187078,0.213324,0.191439,rad,per-cycle RMS over 29 joints of (q_des - q)
8.94,0.194142,0.208768,0.187830,0.173917,0.200145,0.178284,rad,per-cycle RMS over 29 joints of (q_des - q)
8.96,0.187115,0.200067,0.179555,0.162086,0.187531,0.165909,rad,per-cycle RMS over 29 joints of (q_des - q)
8.98,0.179483,0.191570,0.170759,0.152075,0.176446,0.154020,rad,per-cycle RMS over 29 joints of (q_des - q)
9.00,0.171960,0.182577,0.162296,0.143662,0.167183,0.144056,rad,per-cycle RMS over 29 joints of (q_des - q)
9.02,0.164989,0.173287,0.153489,0.136249,0.158586,0.136077,rad,per-cycle RMS over 29 joints of (q_des - q)
9.04,0.162151,0.168528,0.144735,0.133721,0.154669,0.128844,rad,per-cycle RMS over 29 joints of (q_des - q)
9.06,0.164153,0.169990,0.140845,0.135801,0.156669,0.126258,rad,per-cycle RMS over 29 joints of (q_des - q)
9.08,0.167176,0.175125,0.143102,0.138934,0.160980,0.129200,rad,per-cycle RMS over 29 joints of (q_des - q)
9.10,0.175904,0.187880,0.148692,0.146926,0.170967,0.133635,rad,per-cycle RMS over 29 joints of (q_des - q)
9.12,0.184834,0.201512,0.161918,0.152757,0.179965,0.143586,rad,per-cycle RMS over 29 joints of (q_des - q)
9.14,0.180133,0.200441,0.175851,0.144869,0.174034,0.152296,rad,per-cycle RMS over 29 joints of (q_des - q)
9.16,0.161934,0.182183,0.175146,0.125435,0.152946,0.146382,rad,per-cycle RMS over 29 joints of (q_des - q)
9.18,0.141454,0.159516,0.158126,0.108517,0.129955,0.127395,rad,per-cycle RMS over 29 joints of (q_des - q)
9.20,0.109065,0.124458,0.137726,0.088630,0.101143,0.108973,rad,per-cycle RMS over 29 joints of (q_des - q)
9.22,0.087231,0.096561,0.106766,0.082215,0.088602,0.087930,rad,per-cycle RMS over 29 joints of (q_des - q)
9.24,0.088138,0.095650,0.087207,0.087930,0.094768,0.083883,rad,per-cycle RMS over 29 joints of (q_des - q)
9.26,0.094250,0.101954,0.090460,0.096472,0.102194,0.090214,rad,per-cycle RMS over 29 joints of (q_des - q)
9.28,0.100217,0.107105,0.096042,0.102378,0.106945,0.095330,rad,per-cycle RMS over 29 joints of (q_des - q)
9.30,0.103048,0.110064,0.099706,0.104272,0.108904,0.098447,rad,per-cycle RMS over 29 joints of (q_des - q)
9.32,0.102104,0.109651,0.101847,0.102961,0.107628,0.099614,rad,per-cycle RMS over 29 joints of (q_des - q)
9.34,0.098056,0.105655,0.100845,0.098906,0.103755,0.097685,rad,per-cycle RMS over 29 joints of (q_des - q)
9.36,0.093751,0.101041,0.095976,0.094203,0.099945,0.092851,rad,per-cycle RMS over 29 joints of (q_des - q)
9.38,0.090356,0.097628,0.090303,0.091091,0.097200,0.087889,rad,per-cycle RMS over 29 joints of (q_des - q)
9.40,0.087092,0.095170,0.086071,0.089995,0.095486,0.084213,rad,per-cycle RMS over 29 joints of (q_des - q)
9.42,0.084815,0.094433,0.082658,0.091477,0.095303,0.081531,rad,per-cycle RMS over 29 joints of (q_des - q)
9.44,0.082980,0.094676,0.080872,0.093318,0.095715,0.080423,rad,per-cycle RMS over 29 joints of (q_des - q)
9.46,0.082739,0.096281,0.080055,0.096989,0.097770,0.080007,rad,per-cycle RMS over 29 joints of (q_des - q)
9.48,0.083323,0.097922,0.080253,0.102741,0.099817,0.080987,rad,per-cycle RMS over 29 joints of (q_des - q)
9.50,0.086891,0.101721,0.080565,0.110831,0.104448,0.081911,rad,per-cycle RMS over 29 joints of (q_des - q)
9.52,0.091936,0.107181,0.082876,0.114177,0.111142,0.085055,rad,per-cycle RMS over 29 joints of (q_des - q)
9.54,0.096959,0.113099,0.086795,0.112329,0.118460,0.090018,rad,per-cycle RMS over 29 joints of (q_des - q)
9.56,0.105707,0.120443,0.091193,0.107044,0.127023,0.095571,rad,per-cycle RMS over 29 joints of (q_des - q)
9.58,0.114267,0.129102,0.098018,0.106386,0.134261,0.102281,rad,per-cycle RMS over 29 joints of (q_des - q)
9.60,0.120853,0.138260,0.106968,0.103334,0.138774,0.107736,rad,per-cycle RMS over 29 joints of (q_des - q)
9.62,0.126387,0.147437,0.116640,0.107015,0.140812,0.111341,rad,per-cycle RMS over 29 joints of (q_des - q)
9.64,0.124863,0.153252,0.126084,0.114054,0.138957,0.113818,rad,per-cycle RMS over 29 joints of (q_des - q)
9.66,0.126713,0.156305,0.131138,0.120443,0.137576,0.114102,rad,per-cycle RMS over 29 joints of (q_des - q)
9.68,0.135824,0.158667,0.133919,0.126296,0.140273,0.115235,rad,per-cycle RMS over 29 joints of (q_des - q)
9.70,0.141050,0.159919,0.136456,0.135933,0.146276,0.120003,rad,per-cycle RMS over 29 joints of (q_des - q)
9.72,0.143594,0.159279,0.138555,0.144094,0.151101,0.128015,rad,per-cycle RMS over 29 joints of (q_des - q)
9.74,0.138754,0.150904,0.139763,0.144314,0.148831,0.135158,rad,per-cycle RMS over 29 joints of (q_des - q)
9.76,0.142375,0.150049,0.135765,0.151242,0.153793,0.136208,rad,per-cycle RMS over 29 joints of (q_des - q)
9.78,0.150772,0.161187,0.140954,0.156294,0.164240,0.144475,rad,per-cycle RMS over 29 joints of (q_des - q)
9.80,0.163196,0.177995,0.154910,0.167747,0.179454,0.156192,rad,per-cycle RMS over 29 joints of (q_des - q)
9.82,0.177240,0.196895,0.172564,0.186383,0.202124,0.172786,rad,per-cycle RMS over 29 joints of (q_des - q)
9.84,0.188158,0.213290,0.190159,0.204105,0.224298,0.194740,rad,per-cycle RMS over 29 joints of (q_des - q)
9.86,0.203316,0.227435,0.202889,0.220648,0.243573,0.214017,rad,per-cycle RMS over 29 joints of (q_des - q)
9.88,0.213491,0.235559,0.212532,0.228571,0.251233,0.229137,rad,per-cycle RMS over 29 joints of (q_des - q)
9.90,0.223928,0.243493,0.217125,0.234056,0.255958,0.232719,rad,per-cycle RMS over 29 joints of (q_des - q)
9.92,0.231998,0.250281,0.222442,0.238640,0.258923,0.234299,rad,per-cycle RMS over 29 joints of (q_des - q)
9.94,0.233547,0.252209,0.226665,0.237600,0.257649,0.234653,rad,per-cycle RMS over 29 joints of (q_des - q)
9.96,0.232839,0.252749,0.226081,0.233450,0.254753,0.230654,rad,per-cycle RMS over 29 joints of (q_des - q)
9.98,0.228181,0.250791,0.225321,0.225957,0.249591,0.225409,rad,per-cycle RMS over 29 joints of (q_des - q)
