time_s,isaac_d00_height,isaac_d20_height,mujoco_d00_height,mujoco_d20_height,isaac_d00_x_drift,isaac_d20_x_drift,mujoco_d00_x_drift,mujoco_d20_x_drift,isaac_d00_y_drift,isaac_d20_y_drift,mujoco_d00_y_drift,mujoco_d20_y_drift,unit
0.00,1.004295,1.004295,1.004295,1.004295,0.000000,0.000000,0.000000,0.000000,0.000000,0.000000,0.000000,0.000000,m
0.02,1.006222,1.006222,1.003955,1.003955,0.001025,0.001025,0.005192,0.005192,0.001928,0.001928,0.003927,0.003927,m
0.04,1.003559,1.003506,0.999716,0.999683,0.001596,0.001533,0.007542,0.007365,0.000342,0.001885,0.005328,0.006277,m
0.06,0.997427,0.996841,0.992797,0.992226,0.000469,0.000289,0.007968,0.007394,-0.009018,-0.005576,-0.001013,0.002302,m
0.08,0.991503,0.990367,0.987399,0.985813,-0.001539,-0.002275,0.008006,0.006974,-0.022730,-0.018250,-0.011871,-0.006175,m
0.10,0.985972,0.985896,0.983362,0.982128,-0.002559,-0.004256,0.009144,0.007538,-0.036512,-0.030738,-0.022547,-0.015062,m
0.12,0.979798,0.981677,0.978509,0.979069,-0.003543,-0.004542,0.010376,0.009954,-0.046555,-0.041485,-0.028347,-0.022846,m
0.14,0.972695,0.976692,0.971419,0.974687,-0.006658,-0.004380,0.009140,0.012553,-0.050983,-0.049423,-0.026853,-0.027735,m
0.16,0.965703,0.970406,0.961927,0.967983,-0.012162,-0.006540,0.004626,0.011896,-0.053050,-0.052131,-0.019997,-0.025740,m
0.18,0.960763,0.962598,0.953073,0.958439,-0.017701,-0.012570,-0.001495,0.006728,-0.055315,-0.050827,-0.014004,-0.017001,m
0.20,0.957256,0.955848,0.946189,0.947023,-0.022429,-0.020862,-0.006958,-0.001887,-0.057632,-0.052824,-0.010496,-0.006600,m
0.22,0.955927,0.950680,0.942373,0.937314,-0.025080,-0.028976,-0.010011,-0.011121,-0.061906,-0.056396,-0.009899,-0.001148,m
0.24,0.955820,0.946923,0.940749,0.930857,-0.026140,-0.035702,-0.010388,-0.018451,-0.066792,-0.060184,-0.011806,0.000612,m
0.26,0.955421,0.945967,0.938884,0.927926,-0.026119,-0.039220,-0.008785,-0.022954,-0.071604,-0.064368,-0.014010,0.000215,m
0.28,0.955024,0.946510,0.936199,0.927431,-0.025272,-0.040708,-0.005261,-0.024783,-0.076984,-0.067954,-0.014836,0.000051,m
0.30,0.956939,0.948254,0.936380,0.927888,-0.024904,-0.041603,-0.001997,-0.025002,-0.081930,-0.071765,-0.015411,0.000237,m
0.32,0.961257,0.951522,0.940910,0.928987,-0.024971,-0.042590,-0.000225,-0.025226,-0.085400,-0.075513,-0.015387,-0.000497,m
0.34,0.966517,0.956613,0.947879,0.934187,-0.024755,-0.044115,0.000790,-0.027761,-0.088700,-0.078478,-0.014444,-0.001748,m
0.36,0.971357,0.962878,0.955579,0.941832,-0.024582,-0.046055,0.001481,-0.030324,-0.092939,-0.080775,-0.013136,0.000039,m
0.38,0.975626,0.968906,0.962991,0.949440,-0.025205,-0.047734,0.001901,-0.031168,-0.097787,-0.083603,-0.011619,0.004456,m
0.40,0.979520,0.973605,0.969444,0.955680,-0.026941,-0.049531,0.001961,-0.030361,-0.102344,-0.087632,-0.009847,0.009556,m
0.42,0.982797,0.976980,0.974541,0.960024,-0.029518,-0.052322,0.001513,-0.028852,-0.106012,-0.092334,-0.008060,0.014900,m
0.44,0.985268,0.979358,0.978208,0.962216,-0.032825,-0.056519,0.000422,-0.027567,-0.108966,-0.096511,-0.006372,0.020905,m
0.46,0.986815,0.980913,0.980592,0.962287,-0.036693,-0.061998,-0.001398,-0.027284,-0.111385,-0.099449,-0.004689,0.027328,m
0.48,0.987275,0.981507,0.981918,0.961256,-0.040961,-0.068275,-0.003958,-0.027455,-0.113337,-0.101255,-0.002918,0.032906,m
0.50,0.986630,0.980872,0.982550,0.960086,-0.045673,-0.074778,-0.007044,-0.028510,-0.114915,-0.102450,-0.001374,0.037102,m
0.52,0.985255,0.980891,0.982760,0.958999,-0.050900,-0.079741,-0.010701,-0.030605,-0.116382,-0.105475,0.000130,0.039973,m
0.54,0.984975,0.981642,0.982681,0.959437,-0.054797,-0.082816,-0.014847,-0.033109,-0.118810,-0.107789,0.001817,0.040331,m
0.56,0.985371,0.982617,0.982325,0.961777,-0.057079,-0.084541,-0.019307,-0.035486,-0.120083,-0.108846,0.003611,0.039035,m
0.58,0.985966,0.983611,0.981676,0.964943,-0.058343,-0.085318,-0.024042,-0.037812,-0.120361,-0.109197,0.005449,0.037016,m
0.60,0.986400,0.984592,0.981210,0.967674,-0.058737,-0.085538,-0.028644,-0.040076,-0.120021,-0.109311,0.006841,0.034072,m
0.62,0.986685,0.985480,0.981778,0.969410,-0.058466,-0.085229,-0.032352,-0.041927,-0.119453,-0.109334,0.007727,0.030453,m
0.64,0.986690,0.986104,0.982786,0.969847,-0.057551,-0.084319,-0.035289,-0.042613,-0.118849,-0.109538,0.008674,0.027039,m
0.66,0.986445,0.986284,0.983845,0.968830,-0.055947,-0.082666,-0.037635,-0.041463,-0.118423,-0.110104,0.009439,0.024458,m
0.68,0.986183,0.986014,0.984734,0.967086,-0.053862,-0.080190,-0.039544,-0.038681,-0.118088,-0.111182,0.009859,0.022492,m
0.70,0.986083,0.985898,0.985378,0.966569,-0.051599,-0.077356,-0.041219,-0.035932,-0.117735,-0.112676,0.009801,0.020999,m
0.72,0.986664,0.985941,0.986023,0.968452,-0.049853,-0.074395,-0.042622,-0.034722,-0.117442,-0.114025,0.009225,0.019854,m
0.74,0.987393,0.986199,0.986539,0.972157,-0.048574,-0.071745,-0.043896,-0.035134,-0.117252,-0.115319,0.008414,0.018908,m
0.76,0.988030,0.987278,0.987089,0.976383,-0.047774,-0.070348,-0.045002,-0.036626,-0.117334,-0.116817,0.007249,0.017542,m
0.78,0.988514,0.988673,0.987631,0.980212,-0.047432,-0.069719,-0.045971,-0.039020,-0.117705,-0.118618,0.005911,0.015519,m
0.80,0.988865,0.989833,0.988099,0.982976,-0.047476,-0.069735,-0.046875,-0.042274,-0.118238,-0.120695,0.004436,0.012967,m
0.82,0.989139,0.990554,0.988452,0.984526,-0.047809,-0.070337,-0.047755,-0.046456,-0.118757,-0.122925,0.002822,0.009900,m
0.84,0.989377,0.990777,0.988718,0.984903,-0.048328,-0.071567,-0.048622,-0.051492,-0.119115,-0.125048,0.001136,0.006434,m
0.86,0.989592,0.990424,0.988910,0.984119,-0.048932,-0.073488,-0.049490,-0.057112,-0.119219,-0.126686,-0.000546,0.003203,m
0.88,0.989784,0.989636,0.989039,0.982278,-0.049532,-0.075914,-0.050348,-0.063035,-0.119041,-0.127961,-0.002179,0.000827,m
0.90,0.989944,0.988834,0.989123,0.981427,-0.050059,-0.078253,-0.051177,-0.068175,-0.118593,-0.128877,-0.003688,-0.001646,m
0.92,0.990073,0.988657,0.989179,0.982159,-0.050472,-0.079646,-0.051959,-0.071835,-0.117915,-0.128969,-0.005018,-0.003360,m
0.94,0.990173,0.988915,0.989223,0.983668,-0.050757,-0.080161,-0.052677,-0.074155,-0.117063,-0.128022,-0.006145,-0.004234,m
0.96,0.990247,0.989355,0.989266,0.985341,-0.050920,-0.080050,-0.053316,-0.075433,-0.116109,-0.126489,-0.007053,-0.004829,m
0.98,0.990299,0.989677,0.989317,0.986678,-0.050983,-0.079439,-0.053854,-0.075708,-0.115129,-0.124838,-0.007756,-0.005427,m
1.00,0.990335,0.989704,0.989367,0.987397,-0.050972,-0.078365,-0.054269,-0.075149,-0.114179,-0.123365,-0.008279,-0.006462,m
1.02,0.990359,0.989454,0.989391,0.987294,-0.050918,-0.076844,-0.054525,-0.073896,-0.113298,-0.122128,-0.008632,-0.008291,m
1.04,0.990371,0.989006,0.989395,0.986271,-0.050850,-0.074933,-0.054614,-0.072098,-0.112513,-0.121015,-0.008814,-0.011099,m
1.06,0.990375,0.988472,0.989373,0.985226,-0.050792,-0.072771,-0.054529,-0.070794,-0.111831,-0.119971,-0.008841,-0.014942,m
1.08,0.990373,0.988508,0.989320,0.984509,-0.050759,-0.071141,-0.054280,-0.069890,-0.111249,-0.119141,-0.008732,-0.018703,m
1.10,0.990364,0.988870,0.989223,0.984053,-0.050759,-0.070231,-0.053885,-0.069173,-0.110755,-0.118430,-0.008511,-0.021911,m
1.12,0.990349,0.989309,0.989080,0.983838,-0.050792,-0.069901,-0.053358,-0.068798,-0.110337,-0.118019,-0.008179,-0.024804,m
1.14,0.990328,0.989560,0.988889,0.984065,-0.050847,-0.070102,-0.052720,-0.069180,-0.109971,-0.117879,-0.007739,-0.027619,m
1.16,0.990304,0.989577,0.988660,0.984294,-0.050916,-0.070719,-0.051988,-0.070221,-0.109636,-0.117828,-0.007170,-0.029910,m
1.18,0.990278,0.989255,0.988453,0.983985,-0.050986,-0.071731,-0.051214,-0.071697,-0.109317,-0.117535,-0.006469,-0.031445,m
1.20,0.990251,0.988907,0.988261,0.983276,-0.051047,-0.072842,-0.050412,-0.073550,-0.109006,-0.116886,-0.005661,-0.032217,m
1.22,0.990225,0.988815,0.988103,0.982584,-0.051092,-0.073702,-0.049602,-0.075628,-0.108699,-0.115695,-0.004719,-0.032143,m
1.24,0.990203,0.988862,0.987981,0.982247,-0.051117,-0.074174,-0.048773,-0.077622,-0.108395,-0.113913,-0.003645,-0.031145,m
1.26,0.990185,0.988949,0.987872,0.982269,-0.051122,-0.074280,-0.047903,-0.079184,-0.108104,-0.111820,-0.002466,-0.029554,m
1.28,0.990172,0.989025,0.987788,0.982516,-0.051111,-0.074135,-0.046981,-0.079899,-0.107839,-0.109695,-0.001187,-0.028037,m
1.30,0.990164,0.989036,0.987701,0.983296,-0.051089,-0.073828,-0.045983,-0.079363,-0.107614,-0.107668,0.000173,-0.027108,m
1.32,0.990162,0.988964,0.987598,0.984069,-0.051064,-0.073393,-0.044910,-0.077551,-0.107445,-0.105802,0.001571,-0.026342,m
1.34,0.990161,0.988911,0.987514,0.984272,-0.051045,-0.072954,-0.043799,-0.074461,-0.107349,-0.104159,0.002966,-0.025778,m
1.36,0.990166,0.988860,0.987421,0.983511,-0.051037,-0.072554,-0.042657,-0.070452,-0.107330,-0.102714,0.004333,-0.025981,m
1.38,0.990178,0.988800,0.987285,0.981839,-0.051046,-0.072203,-0.041509,-0.066357,-0.107382,-0.101475,0.005641,-0.027471,m
1.40,0.990203,0.988731,0.987126,0.980200,-0.051075,-0.071902,-0.040367,-0.063109,-0.107498,-0.100420,0.006884,-0.029997,m
1.42,0.990238,0.988670,0.986932,0.979241,-0.051123,-0.071644,-0.039235,-0.060397,-0.107668,-0.099504,0.008080,-0.032333,m
1.44,0.990286,0.988627,0.986677,0.979403,-0.051190,-0.071421,-0.038139,-0.058285,-0.107886,-0.098676,0.009170,-0.034136,m
1.46,0.990343,0.988600,0.986444,0.980040,-0.051270,-0.071226,-0.037099,-0.056623,-0.108145,-0.097909,0.010183,-0.035201,m
1.48,0.990407,0.988581,0.986239,0.980580,-0.051362,-0.071054,-0.036120,-0.055367,-0.108437,-0.097192,0.011160,-0.035515,m
1.50,0.990476,0.988565,0.986059,0.980829,-0.051458,-0.070901,-0.035215,-0.054469,-0.108756,-0.096525,0.012065,-0.034955,m
1.52,0.990550,0.988549,0.985909,0.980783,-0.051557,-0.070766,-0.034381,-0.053912,-0.109091,-0.095910,0.012903,-0.033570,m
1.54,0.990628,0.988535,0.985826,0.980542,-0.051655,-0.070645,-0.033651,-0.053628,-0.109436,-0.095350,0.013703,-0.031482,m
1.56,0.990710,0.988527,0.985804,0.980255,-0.051750,-0.070540,-0.033032,-0.053515,-0.109790,-0.094849,0.014456,-0.028850,m
1.58,0.990790,0.988529,0.985806,0.980178,-0.051843,-0.070454,-0.032503,-0.053448,-0.110159,-0.094417,0.015135,-0.026004,m
1.60,0.990863,0.988539,0.985811,0.980673,-0.051933,-0.070392,-0.032058,-0.053143,-0.110546,-0.094077,0.015727,-0.023371,m
1.62,0.990929,0.988554,0.985816,0.981421,-0.052021,-0.070355,-0.031680,-0.052587,-0.110942,-0.093844,0.016228,-0.021027,m
1.64,0.990992,0.988578,0.985828,0.982110,-0.052110,-0.070345,-0.031393,-0.051948,-0.111331,-0.093719,0.016613,-0.019052,m
1.66,0.991052,0.988615,0.985821,0.982602,-0.052200,-0.070362,-0.031170,-0.051334,-0.111701,-0.093692,0.016896,-0.017398,m
1.68,0.991109,0.988669,0.985824,0.982893,-0.052288,-0.070407,-0.031002,-0.050767,-0.112041,-0.093751,0.017106,-0.015938,m
1.70,0.991164,0.988743,0.985849,0.983044,-0.052371,-0.070475,-0.030884,-0.050209,-0.112345,-0.093885,0.017244,-0.014545,m
1.72,0.991213,0.988837,0.985908,0.983093,-0.052444,-0.070560,-0.030823,-0.049577,-0.112622,-0.094087,0.017309,-0.013135,m
1.74,0.991252,0.988947,0.986002,0.983110,-0.052504,-0.070656,-0.030814,-0.048850,-0.112885,-0.094362,0.017312,-0.011707,m
1.76,0.991282,0.989065,0.986132,0.983131,-0.052549,-0.070757,-0.030856,-0.048001,-0.113140,-0.094721,0.017260,-0.010298,m
1.78,0.991301,0.989188,0.986298,0.983126,-0.052581,-0.070862,-0.030964,-0.047015,-0.113399,-0.095175,0.017140,-0.008955,m
1.80,0.991313,0.989313,0.986465,0.983083,-0.052608,-0.070972,-0.031137,-0.045913,-0.113664,-0.095725,0.016928,-0.007766,m
1.82,0.991322,0.989439,0.986618,0.982969,-0.052637,-0.071090,-0.031339,-0.044713,-0.113934,-0.096371,0.016670,-0.006784,m
1.84,0.991328,0.989568,0.986762,0.982804,-0.052676,-0.071225,-0.031586,-0.043479,-0.114207,-0.097100,0.016308,-0.006062,m
1.86,0.991334,0.989701,0.986915,0.982609,-0.052733,-0.071383,-0.031884,-0.042268,-0.114472,-0.097896,0.015878,-0.005546,m
1.88,0.991343,0.989838,0.987061,0.982433,-0.052810,-0.071573,-0.032209,-0.041099,-0.114715,-0.098740,0.015433,-0.005208,m
1.90,0.991353,0.989982,0.987195,0.982284,-0.052907,-0.071799,-0.032559,-0.039971,-0.114926,-0.099601,0.014968,-0.005036,m
1.92,0.991360,0.990132,0.987315,0.982155,-0.053021,-0.072063,-0.032931,-0.038913,-0.115099,-0.100460,0.014486,-0.005025,m
1.94,0.991365,0.990280,0.987422,0.982073,-0.053144,-0.072359,-0.033320,-0.037923,-0.115232,-0.101305,0.014006,-0.005179,m
1.96,0.991366,0.990422,0.987398,0.982049,-0.053267,-0.072677,-0.033625,-0.037040,-0.115316,-0.102124,0.013579,-0.005468,m
1.98,0.991366,0.990556,0.987362,0.982076,-0.053383,-0.073007,-0.033916,-0.036258,-0.115345,-0.102900,0.013119,-0.005888,m
2.00,0.991364,0.990680,0.987461,0.982154,-0.053489,-0.073333,-0.034245,-0.035605,-0.115318,-0.103617,0.012707,-0.006404,m
2.02,0.991356,0.990791,0.987573,0.982309,-0.053587,-0.073644,-0.034543,-0.035087,-0.115250,-0.104265,0.012383,-0.007022,m
2.04,0.991337,0.990885,0.987665,0.982533,-0.053683,-0.073935,-0.034839,-0.034728,-0.115163,-0.104848,0.012092,-0.007730,m
2.06,0.991310,0.990955,0.987735,0.982820,-0.053782,-0.074208,-0.035136,-0.034535,-0.115052,-0.105373,0.011833,-0.008541,m
2.08,0.991283,0.991005,0.987779,0.983124,-0.053887,-0.074462,-0.035426,-0.034504,-0.114904,-0.105828,0.011616,-0.009420,m
2.10,0.991258,0.991042,0.987801,0.983475,-0.054000,-0.074701,-0.035703,-0.034668,-0.114712,-0.106191,0.011454,-0.010357,m
2.12,0.991233,0.991074,0.987831,0.983803,-0.054119,-0.074932,-0.035990,-0.034986,-0.114483,-0.106444,0.011331,-0.011308,m
2.14,0.991207,0.991097,0.987843,0.984146,-0.054244,-0.075157,-0.036267,-0.035508,-0.114235,-0.106592,0.011284,-0.012300,m
2.16,0.991178,0.991108,0.987860,0.984468,-0.054371,-0.075375,-0.036547,-0.036187,-0.113976,-0.106655,0.011290,-0.013266,m
2.18,0.991147,0.991102,0.987871,0.984755,-0.054492,-0.075576,-0.036816,-0.037006,-0.113709,-0.106645,0.011341,-0.014174,m
2.20,0.991115,0.991080,0.987885,0.985006,-0.054601,-0.075754,-0.037071,-0.037963,-0.113431,-0.106562,0.011457,-0.015060,m
2.22,0.991089,0.991049,0.987871,0.985220,-0.054692,-0.075896,-0.037274,-0.039044,-0.113136,-0.106400,0.011639,-0.015917,m
2.24,0.991067,0.991010,0.987858,0.985420,-0.054758,-0.075993,-0.037433,-0.040212,-0.112825,-0.106151,0.011873,-0.016719,m
2.26,0.991049,0.990968,0.987848,0.985635,-0.054800,-0.076038,-0.037547,-0.041425,-0.112507,-0.105813,0.012159,-0.017449,m
2.28,0.991031,0.990923,0.987824,0.985861,-0.054822,-0.076031,-0.037587,-0.042656,-0.112199,-0.105396,0.012476,-0.018103,m
2.30,0.991013,0.990872,0.987811,0.986078,-0.054829,-0.075978,-0.037585,-0.043890,-0.111911,-0.104914,0.012810,-0.018682,m
2.32,0.990991,0.990813,0.987786,0.986261,-0.054829,-0.075887,-0.037529,-0.045120,-0.111651,-0.104386,0.013163,-0.019178,m
2.34,0.990966,0.990740,0.987725,0.986405,-0.054831,-0.075773,-0.037429,-0.046308,-0.111420,-0.103829,0.013527,-0.019624,m
2.36,0.990938,0.990657,0.987701,0.986523,-0.054842,-0.075651,-0.037331,-0.047442,-0.111219,-0.103250,0.013898,-0.020013,m
2.38,0.990909,0.990564,0.987674,0.986615,-0.054866,-0.075531,-0.037231,-0.048510,-0.111045,-0.102651,0.014258,-0.020347,m
2.40,0.990875,0.990461,0.987616,0.986687,-0.054905,-0.075424,-0.037128,-0.049507,-0.110901,-0.102034,0.014616,-0.020630,m
2.42,0.990834,0.990349,0.987535,0.986722,-0.054959,-0.075335,-0.037027,-0.050400,-0.110789,-0.101405,0.014962,-0.020827,m
2.44,0.990780,0.990221,0.987439,0.986740,-0.055022,-0.075260,-0.036922,-0.051200,-0.110709,-0.100773,0.015302,-0.020976,m
2.46,0.990717,0.990074,0.987337,0.986717,-0.055089,-0.075191,-0.036806,-0.051872,-0.110650,-0.100141,0.015653,-0.021077,m
2.48,0.990650,0.989910,0.987233,0.986665,-0.055152,-0.075117,-0.036673,-0.052404,-0.110595,-0.099508,0.016024,-0.021136,m
2.50,0.990580,0.989736,0.987128,0.986593,-0.055201,-0.075024,-0.036521,-0.052778,-0.110533,-0.098857,0.016418,-0.021158,m
2.52,0.990516,0.989561,0.987027,0.986502,-0.055226,-0.074901,-0.036340,-0.052980,-0.110448,-0.098181,0.016844,-0.021132,m
2.54,0.990468,0.989392,0.986936,0.986394,-0.055220,-0.074739,-0.036128,-0.053004,-0.110322,-0.097472,0.017311,-0.021072,m
2.56,0.990431,0.989242,0.986824,0.986274,-0.055180,-0.074537,-0.035857,-0.052853,-0.110167,-0.096721,0.017811,-0.020974,m
2.58,0.990403,0.989111,0.986706,0.986162,-0.055110,-0.074300,-0.035562,-0.052552,-0.110001,-0.095946,0.018254,-0.020859,m
2.60,0.990377,0.988992,0.986629,0.986018,-0.055014,-0.074038,-0.035269,-0.052089,-0.109845,-0.095180,0.018670,-0.020731,m
2.62,0.990351,0.988878,0.986518,0.985913,-0.054897,-0.073761,-0.034907,-0.051533,-0.109710,-0.094453,0.019095,-0.020586,m
2.64,0.990323,0.988766,0.986455,0.985772,-0.054763,-0.073478,-0.034566,-0.050867,-0.109607,-0.093786,0.019448,-0.020430,m
2.66,0.990295,0.988655,0.986351,0.985655,-0.054618,-0.073195,-0.034180,-0.050164,-0.109543,-0.093191,0.019778,-0.020285,m
2.68,0.990268,0.988549,0.986286,0.985486,-0.054465,-0.072915,-0.033822,-0.049396,-0.109528,-0.092678,0.020046,-0.020144,m
2.70,0.990241,0.988449,0.986198,0.985364,-0.054310,-0.072644,-0.033454,-0.048653,-0.109569,-0.092253,0.020240,-0.020023,m
2.72,0.990218,0.988358,0.986109,0.985195,-0.054159,-0.072382,-0.033085,-0.047872,-0.109668,-0.091920,0.020368,-0.019897,m
2.74,0.990201,0.988280,0.986049,0.984917,-0.054018,-0.072135,-0.032739,-0.047012,-0.109828,-0.091685,0.020419,-0.019837,m
2.76,0.990193,0.988217,0.985973,0.984595,-0.053888,-0.071911,-0.032408,-0.046137,-0.110036,-0.091554,0.020386,-0.019905,m
2.78,0.990201,0.988175,0.985897,0.984440,-0.053769,-0.071711,-0.032087,-0.045355,-0.110278,-0.091517,0.020294,-0.020033,m
2.80,0.990228,0.988159,0.985865,0.984369,-0.053660,-0.071536,-0.031790,-0.044561,-0.110541,-0.091562,0.020159,-0.020074,m
2.82,0.990271,0.988173,0.985872,0.984312,-0.053557,-0.071387,-0.031524,-0.043769,-0.110819,-0.091679,0.019956,-0.020090,m
2.84,0.990329,0.988217,0.985888,0.984199,-0.053461,-0.071265,-0.031251,-0.042956,-0.111105,-0.091862,0.019737,-0.020100,m
2.86,0.990394,0.988287,0.985969,0.983935,-0.053372,-0.071168,-0.031029,-0.042057,-0.111404,-0.092107,0.019471,-0.020184,m
2.88,0.990461,0.988376,0.986037,0.983892,-0.053294,-0.071099,-0.030796,-0.041346,-0.111720,-0.092421,0.019207,-0.020388,m
2.90,0.990523,0.988476,0.986127,0.983950,-0.053230,-0.071061,-0.030623,-0.040713,-0.112053,-0.092807,0.018867,-0.020514,m
2.92,0.990579,0.988581,0.986238,0.984007,-0.053182,-0.071056,-0.030491,-0.040160,-0.112396,-0.093262,0.018512,-0.020597,m
2.94,0.990631,0.988687,0.986346,0.984020,-0.053152,-0.071082,-0.030388,-0.039695,-0.112742,-0.093778,0.018168,-0.020654,m
2.96,0.990680,0.988796,0.986438,0.984012,-0.053144,-0.071141,-0.030318,-0.039326,-0.113088,-0.094338,0.017816,-0.020720,m
2.98,0.990723,0.988909,0.986507,0.983990,-0.053157,-0.071233,-0.030286,-0.039043,-0.113433,-0.094934,0.017445,-0.020798,m
3.00,0.990759,0.989025,0.986558,0.983961,-0.053190,-0.071358,-0.030292,-0.038830,-0.113776,-0.095560,0.017058,-0.020890,m
3.02,0.990785,0.989140,0.986592,0.983930,-0.053239,-0.071514,-0.030336,-0.038681,-0.114116,-0.096212,0.016654,-0.020995,m
3.04,0.990795,0.989248,0.986609,0.983898,-0.053296,-0.071695,-0.030417,-0.038591,-0.114458,-0.096887,0.016231,-0.021114,m
3.06,0.990792,0.989343,0.986609,0.983859,-0.053354,-0.071891,-0.030531,-0.038561,-0.114794,-0.097587,0.015803,-0.021253,m
3.08,0.990782,0.989422,0.986602,0.983815,-0.053407,-0.072092,-0.030671,-0.038591,-0.115113,-0.098300,0.015387,-0.021411,m
3.10,0.990770,0.989494,0.986596,0.983779,-0.053452,-0.072287,-0.030829,-0.038668,-0.115406,-0.099009,0.014991,-0.021586,m
3.12,0.990762,0.989562,0.986603,0.983749,-0.053486,-0.072472,-0.030991,-0.038783,-0.115662,-0.099692,0.014626,-0.021773,m
3.14,0.990762,0.989631,0.986596,0.983735,-0.053513,-0.072643,-0.031136,-0.038927,-0.115872,-0.100337,0.014314,-0.021962,m
3.16,0.990766,0.989704,0.986578,0.983736,-0.053536,-0.072803,-0.031270,-0.039100,-0.116040,-0.100929,0.014065,-0.022145,m
3.18,0.990770,0.989779,0.986630,0.983752,-0.053557,-0.072956,-0.031441,-0.039300,-0.116176,-0.101462,0.013865,-0.022319,m
3.20,0.990769,0.989850,0.986661,0.983773,-0.053581,-0.073103,-0.031610,-0.039528,-0.116289,-0.101945,0.013699,-0.022472,m
3.22,0.990758,0.989910,0.986661,0.983809,-0.053611,-0.073250,-0.031782,-0.039784,-0.116389,-0.102385,0.013574,-0.022624,m
3.24,0.990736,0.989951,0.986689,0.983842,-0.053646,-0.073395,-0.031987,-0.040073,-0.116480,-0.102787,0.013486,-0.022781,m
3.26,0.990704,0.989973,0.986640,0.983868,-0.053684,-0.073539,-0.032154,-0.040390,-0.116557,-0.103149,0.013435,-0.022946,m
3.28,0.990670,0.989977,0.986623,0.983771,-0.053720,-0.073674,-0.032340,-0.040612,-0.116602,-0.103460,0.013435,-0.023094,m
3.30,0.990637,0.989971,0.986621,0.983537,-0.053753,-0.073795,-0.032522,-0.040755,-0.116609,-0.103700,0.013488,-0.023350,m
3.32,0.990605,0.989960,0.986539,0.983500,-0.053779,-0.073897,-0.032642,-0.041081,-0.116582,-0.103857,0.013586,-0.023734,m
3.34,0.990572,0.989944,0.986512,0.983587,-0.053798,-0.073978,-0.032756,-0.041472,-0.116526,-0.103932,0.013710,-0.024012,m
3.36,0.990534,0.989920,0.986502,0.983664,-0.053809,-0.074036,-0.032852,-0.041802,-0.116453,-0.103933,0.013863,-0.024151,m
3.38,0.990491,0.989884,0.986486,0.983665,-0.053812,-0.074068,-0.032927,-0.042083,-0.116364,-0.103871,0.014031,-0.024294,m
3.40,0.990442,0.989834,0.986454,0.983730,-0.053803,-0.074075,-0.032981,-0.042468,-0.116262,-0.103754,0.014211,-0.024529,m
3.42,0.990395,0.989773,0.986413,0.983713,-0.053778,-0.074051,-0.033009,-0.042794,-0.116140,-0.103583,0.014408,-0.024706,m
3.44,0.990354,0.989707,0.986371,0.983642,-0.053735,-0.073994,-0.033009,-0.043049,-0.115992,-0.103351,0.014627,-0.024890,m
3.46,0.990317,0.989641,0.986332,0.983528,-0.053675,-0.073902,-0.032986,-0.043227,-0.115828,-0.103054,0.014865,-0.025134,m
3.48,0.990279,0.989575,0.986293,0.983497,-0.053602,-0.073779,-0.032944,-0.043475,-0.115659,-0.102701,0.015112,-0.025494,m
3.50,0.990238,0.989505,0.986251,0.983446,-0.053519,-0.073632,-0.032889,-0.043664,-0.115491,-0.102308,0.015364,-0.025809,m
3.52,0.990192,0.989425,0.986205,0.983412,-0.053428,-0.073466,-0.032820,-0.043798,-0.115321,-0.101886,0.015628,-0.026065,m
3.54,0.990145,0.989337,0.986157,0.983482,-0.053333,-0.073289,-0.032740,-0.043984,-0.115144,-0.101436,0.015908,-0.026319,m
3.56,0.990100,0.989244,0.986108,0.983653,-0.053235,-0.073106,-0.032650,-0.044246,-0.114961,-0.100955,0.016203,-0.026520,m
3.58,0.990055,0.989149,0.986058,0.983660,-0.053137,-0.072921,-0.032554,-0.044407,-0.114775,-0.100444,0.016511,-0.026598,m
3.60,0.990011,0.989052,0.986008,0.983731,-0.053039,-0.072738,-0.032451,-0.044655,-0.114590,-0.099910,0.016826,-0.026719,m
3.62,0.989964,0.988951,0.985954,0.983858,-0.052940,-0.072555,-0.032344,-0.044937,-0.114414,-0.099360,0.017141,-0.026795,m
3.64,0.989912,0.988843,0.985893,0.983945,-0.052838,-0.072370,-0.032232,-0.045181,-0.114254,-0.098807,0.017447,-0.026821,m
3.66,0.989853,0.988723,0.985827,0.984002,-0.052729,-0.072179,-0.032114,-0.045388,-0.114110,-0.098265,0.017741,-0.026828,m
3.68,0.989792,0.988595,0.985757,0.984015,-0.052611,-0.071976,-0.031988,-0.045540,-0.113982,-0.097734,0.018022,-0.026858,m
3.70,0.989729,0.988462,0.985684,0.983961,-0.052481,-0.071758,-0.031852,-0.045599,-0.113871,-0.097218,0.018284,-0.026903,m
3.72,0.989669,0.988328,0.985608,0.983912,-0.052339,-0.071524,-0.031707,-0.045602,-0.113779,-0.096719,0.018521,-0.026979,m
3.74,0.989612,0.988198,0.985533,0.983800,-0.052185,-0.071279,-0.031555,-0.045500,-0.113710,-0.096244,0.018729,-0.027091,m
3.76,0.989557,0.988074,0.985456,0.983730,-0.052021,-0.071024,-0.031394,-0.045362,-0.113667,-0.095800,0.018905,-0.027226,m
3.78,0.989500,0.987954,0.985376,0.983627,-0.051843,-0.070765,-0.031225,-0.045162,-0.113656,-0.095399,0.019043,-0.027369,m
3.80,0.989434,0.987834,0.985289,0.983525,-0.051646,-0.070500,-0.031040,-0.044953,-0.113684,-0.095051,0.019139,-0.027541,m
3.82,0.989349,0.987707,0.985187,0.983406,-0.051419,-0.070224,-0.030835,-0.044737,-0.113765,-0.094767,0.019179,-0.027735,m
3.84,0.989232,0.987564,0.985005,0.983235,-0.051149,-0.069924,-0.030558,-0.044487,-0.113921,-0.094565,0.019145,-0.027974,m
3.86,0.989074,0.987391,0.984829,0.983065,-0.050825,-0.069588,-0.030282,-0.044238,-0.114167,-0.094468,0.018956,-0.028288,m
3.88,0.988865,0.987179,0.984632,0.982801,-0.050432,-0.069200,-0.029966,-0.043898,-0.114513,-0.094493,0.018668,-0.028688,m
3.90,0.988600,0.986918,0.984345,0.982507,-0.049952,-0.068741,-0.029548,-0.043498,-0.114970,-0.094653,0.018289,-0.029212,m
3.92,0.988261,0.986602,0.984015,0.982165,-0.049371,-0.068192,-0.029090,-0.042994,-0.115564,-0.094958,0.017699,-0.029867,m
3.94,0.987815,0.986215,0.983568,0.981725,-0.048672,-0.067535,-0.028532,-0.042371,-0.116346,-0.095436,0.016916,-0.030702,m
3.96,0.987244,0.985724,0.983008,0.981147,-0.047833,-0.066752,-0.027880,-0.041626,-0.117342,-0.096141,0.015860,-0.031800,m
3.98,0.986537,0.985107,0.982272,0.980403,-0.046847,-0.065819,-0.027092,-0.040741,-0.118587,-0.097116,0.014485,-0.033217,m
4.00,0.985697,0.984360,0.981309,0.979457,-0.045704,-0.064736,-0.026150,-0.039683,-0.120086,-0.098400,0.012785,-0.035003,m
4.02,0.984719,0.983476,0.980165,0.978296,-0.044372,-0.063475,-0.024974,-0.038430,-0.121843,-0.099992,0.010665,-0.037223,m
4.04,0.983582,0.982457,0.978853,0.976936,-0.042813,-0.062000,-0.023534,-0.036979,-0.123887,-0.101895,0.008130,-0.039922,m
4.06,0.982278,0.981290,0.977213,0.975357,-0.040983,-0.060268,-0.021827,-0.035278,-0.126231,-0.104138,0.005176,-0.043125,m
4.08,0.980806,0.979968,0.975459,0.973572,-0.038833,-0.058228,-0.019698,-0.033276,-0.128901,-0.106748,0.001661,-0.046861,m
4.10,0.979124,0.978472,0.973399,0.971554,-0.036263,-0.055821,-0.017202,-0.030946,-0.131904,-0.109769,-0.002213,-0.051193,m
4.12,0.977213,0.976780,0.971258,0.969285,-0.033241,-0.053009,-0.014129,-0.028226,-0.135288,-0.113241,-0.006662,-0.056105,m
4.14,0.975083,0.974862,0.968818,0.966761,-0.029720,-0.049774,-0.010493,-0.025073,-0.139049,-0.117193,-0.011515,-0.061565,m
4.16,0.972815,0.972716,0.966229,0.964026,-0.025642,-0.046056,-0.006203,-0.021451,-0.143118,-0.121607,-0.016884,-0.067604,m
4.18,0.970513,0.970430,0.963478,0.961185,-0.020969,-0.041782,-0.001246,-0.017334,-0.147426,-0.126394,-0.022620,-0.074173,m
4.20,0.968268,0.968129,0.960774,0.958313,-0.015679,-0.036911,0.004306,-0.012763,-0.151912,-0.131459,-0.028641,-0.081144,m
4.22,0.966331,0.965936,0.958370,0.955556,-0.010111,-0.031445,0.010240,-0.007875,-0.156610,-0.136712,-0.034904,-0.088412,m
4.24,0.964916,0.963981,0.956536,0.953072,-0.004759,-0.025561,0.016268,-0.002782,-0.161266,-0.142140,-0.041159,-0.095816,m
4.26,0.964377,0.962590,0.955660,0.951133,0.000119,-0.019924,0.022184,0.002294,-0.165824,-0.147656,-0.047255,-0.103196,m
4.28,0.965178,0.962330,0.956113,0.950441,0.004843,-0.014828,0.027957,0.006730,-0.170464,-0.153141,-0.053232,-0.110334,m
4.30,0.967106,0.963744,0.958056,0.951437,0.009971,-0.009816,0.033478,0.010497,-0.174955,-0.158519,-0.059206,-0.116807,m
4.32,0.969590,0.966345,0.961032,0.954059,0.015949,-0.004300,0.039037,0.014220,-0.178901,-0.163396,-0.064721,-0.122474,m
4.34,0.972397,0.969459,0.964536,0.958065,0.022700,0.002101,0.045008,0.018471,-0.182253,-0.167509,-0.069316,-0.127276,m
4.36,0.975385,0.972831,0.968428,0.963209,0.029829,0.009185,0.051406,0.023426,-0.185032,-0.171073,-0.073096,-0.131586,m
4.38,0.978471,0.976233,0.972489,0.968951,0.036992,0.016508,0.058111,0.028951,-0.187295,-0.174164,-0.076227,-0.135826,m
4.40,0.981609,0.979511,0.976524,0.974629,0.043972,0.023686,0.064938,0.034821,-0.189084,-0.176811,-0.078841,-0.140204,m
4.42,0.984777,0.982606,0.980492,0.979760,0.050650,0.030477,0.071658,0.040784,-0.190415,-0.179117,-0.081062,-0.144651,m
4.44,0.987926,0.985553,0.984362,0.984239,0.056961,0.036781,0.078099,0.046611,-0.191323,-0.181135,-0.082938,-0.148888,m
4.46,0.990860,0.988417,0.987943,0.988189,0.062870,0.042630,0.084160,0.052150,-0.191868,-0.182794,-0.084524,-0.152588,m
4.48,0.993273,0.991062,0.990906,0.991611,0.068337,0.048122,0.089780,0.057348,-0.192093,-0.184028,-0.085838,-0.155607,m
4.50,0.994892,0.993160,0.992972,0.994310,0.073309,0.053318,0.094897,0.062191,-0.191970,-0.184837,-0.086829,-0.157969,m
4.52,0.995369,0.994385,0.993854,0.996031,0.077696,0.058206,0.099144,0.066668,-0.191594,-0.185201,-0.087330,-0.159711,m
4.54,0.994753,0.994376,0.993366,0.996450,0.080049,0.062694,0.100720,0.070733,-0.190094,-0.185217,-0.086424,-0.161029,m
4.56,0.992216,0.992674,0.990953,0.995323,0.080639,0.066663,0.100876,0.073351,-0.188405,-0.185060,-0.085341,-0.161337,m
4.58,0.987486,0.989512,0.986667,0.992295,0.080693,0.068659,0.100689,0.074156,-0.187109,-0.183549,-0.084339,-0.160705,m
4.60,0.981158,0.984292,0.980914,0.987132,0.080435,0.069798,0.100595,0.074299,-0.186080,-0.181996,-0.083286,-0.160012,m
4.62,0.974011,0.977560,0.974411,0.980368,0.080011,0.070485,0.100605,0.074374,-0.185146,-0.180435,-0.082269,-0.159485,m
4.64,0.966724,0.970046,0.967764,0.972896,0.079510,0.070954,0.100564,0.074605,-0.184302,-0.178990,-0.081326,-0.159154,m
4.66,0.959804,0.962640,0.961127,0.965509,0.078878,0.071239,0.100331,0.074834,-0.183740,-0.177658,-0.080578,-0.158966,m
4.68,0.953619,0.955779,0.955217,0.958692,0.078106,0.071674,0.099586,0.074774,-0.183578,-0.177065,-0.080663,-0.159135,m
4.70,0.948544,0.950143,0.950524,0.952790,0.077197,0.071641,0.098486,0.074220,-0.183869,-0.176791,-0.081297,-0.159857,m
4.72,0.944974,0.945944,0.947404,0.948104,0.076279,0.071236,0.097256,0.073170,-0.184438,-0.176971,-0.082232,-0.161203,m
4.74,0.943185,0.943388,0.945979,0.944968,0.075435,0.070632,0.096352,0.071989,-0.185019,-0.177458,-0.083609,-0.163098,m
4.76,0.943199,0.942600,0.946374,0.943741,0.074431,0.069931,0.095266,0.070876,-0.185517,-0.177987,-0.085059,-0.165244,m
4.78,0.944842,0.943520,0.948267,0.944428,0.073019,0.069014,0.093973,0.069766,-0.185867,-0.178402,-0.086527,-0.167544,m
4.80,0.947739,0.945934,0.951261,0.946793,0.071128,0.067752,0.092272,0.068461,-0.186046,-0.178581,-0.087812,-0.169687,m
4.82,0.951515,0.949473,0.954960,0.950346,0.068788,0.066130,0.090092,0.066938,-0.186059,-0.178467,-0.088817,-0.171649,m
4.84,0.955907,0.953756,0.959079,0.954598,0.066065,0.064179,0.087439,0.065117,-0.185890,-0.178097,-0.089428,-0.173412,m
4.86,0.960589,0.958522,0.963293,0.959198,0.063043,0.061937,0.084346,0.062956,-0.185571,-0.177497,-0.089659,-0.174912,m
4.88,0.965234,0.963475,0.967305,0.963845,0.059786,0.059454,0.080850,0.060452,-0.185137,-0.176650,-0.089507,-0.176066,m
4.90,0.969579,0.968316,0.970871,0.968336,0.056318,0.056742,0.076969,0.057587,-0.184630,-0.175590,-0.089014,-0.176802,m
4.92,0.973430,0.972778,0.973818,0.972494,0.052643,0.053764,0.072700,0.054335,-0.184104,-0.174412,-0.088252,-0.177172,m
4.94,0.976743,0.976663,0.976082,0.976159,0.048760,0.050486,0.068052,0.050694,-0.183581,-0.173201,-0.087249,-0.177282,m
4.96,0.979547,0.979917,0.977636,0.979234,0.044677,0.046900,0.063039,0.046712,-0.183047,-0.171990,-0.086046,-0.177194,m
4.98,0.981875,0.982583,0.978444,0.981683,0.040400,0.043025,0.057682,0.042441,-0.182475,-0.170771,-0.084676,-0.176967,m
5.00,0.983755,0.984726,0.978450,0.983488,0.035918,0.038900,0.051971,0.037931,-0.181768,-0.169502,-0.083110,-0.176639,m
5.02,0.985114,0.986409,0.977507,0.984654,0.031188,0.034545,0.045877,0.033193,-0.180879,-0.168073,-0.081370,-0.176162,m
5.04,0.985786,0.987581,0.975341,0.985116,0.026123,0.029951,0.039335,0.028198,-0.179875,-0.166434,-0.079560,-0.175543,m
5.06,0.985641,0.988079,0.971583,0.984724,0.020601,0.025050,0.032276,0.022866,-0.178793,-0.164677,-0.077753,-0.174893,m
5.08,0.984559,0.987764,0.965749,0.983328,0.014504,0.019720,0.024681,0.017087,-0.177662,-0.162879,-0.076044,-0.174272,m
5.10,0.982409,0.986525,0.957351,0.980744,0.007756,0.013832,0.016620,0.010778,-0.176452,-0.161084,-0.074557,-0.173748,m
5.12,0.978932,0.984261,0.948959,0.976743,0.000363,0.007308,0.009989,0.003915,-0.175141,-0.159258,-0.075541,-0.173297,m
5.14,0.973676,0.980787,0.944407,0.970943,-0.007565,0.000152,0.006580,-0.003423,-0.173690,-0.157339,-0.078440,-0.172877,m
5.16,0.966229,0.975770,0.941759,0.962835,-0.015856,-0.007546,0.005112,-0.011077,-0.171936,-0.155255,-0.079878,-0.172451,m
5.18,0.956566,0.968904,0.939518,0.953332,-0.024440,-0.015649,0.004646,-0.018139,-0.169774,-0.152780,-0.079179,-0.172644,m
5.20,0.946653,0.960153,0.936839,0.946646,-0.032292,-0.024084,0.004771,-0.022541,-0.168812,-0.149692,-0.076981,-0.174931,m
5.22,0.939985,0.949919,0.933681,0.942332,-0.037611,-0.032823,0.005012,-0.024904,-0.168548,-0.145998,-0.074547,-0.176051,m
5.24,0.935284,0.941763,0.930605,0.939136,-0.042189,-0.039841,0.004805,-0.026322,-0.166858,-0.144444,-0.072984,-0.175472,m
5.26,0.932150,0.936332,0.928082,0.936614,-0.046984,-0.045417,0.003960,-0.027522,-0.164422,-0.142710,-0.071791,-0.173829,m
5.28,0.930286,0.932816,0.926388,0.934968,-0.052571,-0.050939,0.002298,-0.029051,-0.161632,-0.140115,-0.070844,-0.172007,m
5.30,0.929376,0.931029,0.925946,0.934158,-0.059258,-0.057173,-0.000411,-0.031422,-0.159038,-0.136924,-0.070122,-0.170550,m
5.32,0.929315,0.930748,0.926873,0.933889,-0.066980,-0.064559,-0.004435,-0.035026,-0.156827,-0.133712,-0.069399,-0.169645,m
5.34,0.929848,0.931664,0.928823,0.934192,-0.075664,-0.073041,-0.009644,-0.040082,-0.154672,-0.130697,-0.068395,-0.169334,m
5.36,0.930427,0.933300,0.930986,0.935214,-0.085019,-0.082465,-0.015721,-0.046369,-0.152083,-0.127942,-0.066734,-0.169236,m
5.38,0.931192,0.934997,0.932559,0.936867,-0.093837,-0.092502,-0.021854,-0.053488,-0.149236,-0.125141,-0.064596,-0.168933,m
5.40,0.932027,0.936241,0.933660,0.938527,-0.101808,-0.102371,-0.027192,-0.060855,-0.146181,-0.122501,-0.062721,-0.168084,m
5.42,0.933426,0.937200,0.934667,0.939528,-0.109548,-0.111398,-0.032019,-0.067565,-0.142700,-0.120568,-0.060786,-0.166983,m
5.44,0.935804,0.938442,0.936357,0.939923,-0.117137,-0.120185,-0.036507,-0.073743,-0.138875,-0.118803,-0.058419,-0.166295,m
5.46,0.939057,0.940571,0.938947,0.940645,-0.124398,-0.128793,-0.040571,-0.079517,-0.135199,-0.116341,-0.055838,-0.165435,m
5.48,0.942757,0.943719,0.942145,0.942379,-0.131175,-0.136887,-0.044221,-0.084516,-0.132049,-0.113062,-0.053492,-0.163775,m
5.50,0.946511,0.947530,0.945600,0.945210,-0.137369,-0.144287,-0.047513,-0.088586,-0.129502,-0.109647,-0.051583,-0.161550,m
5.52,0.950131,0.951465,0.949118,0.948733,-0.142933,-0.151004,-0.050446,-0.091873,-0.127629,-0.106864,-0.050267,-0.159373,m
5.54,0.953565,0.955136,0.952590,0.952492,-0.147913,-0.157106,-0.053005,-0.094628,-0.126628,-0.105164,-0.049758,-0.157780,m
5.56,0.956809,0.958405,0.955987,0.956187,-0.152464,-0.162739,-0.055061,-0.097132,-0.126684,-0.104781,-0.050196,-0.157144,m
5.58,0.959904,0.961279,0.959355,0.959743,-0.156680,-0.168052,-0.056366,-0.099411,-0.127826,-0.105662,-0.051533,-0.157578,m
5.60,0.962995,0.963827,0.962679,0.963164,-0.160544,-0.173084,-0.056770,-0.101141,-0.129802,-0.107477,-0.053670,-0.158888,m
5.62,0.966474,0.966189,0.966172,0.966364,-0.164017,-0.177772,-0.056314,-0.101982,-0.131291,-0.109694,-0.055536,-0.160788,m
5.64,0.970456,0.968793,0.969897,0.969524,-0.167174,-0.182027,-0.055282,-0.101779,-0.131031,-0.110955,-0.056144,-0.162058,m
5.66,0.974122,0.971997,0.973234,0.972824,-0.170043,-0.185877,-0.053937,-0.100740,-0.129290,-0.110125,-0.055778,-0.161734,m
5.68,0.976641,0.975306,0.975687,0.975779,-0.172427,-0.189359,-0.052236,-0.099272,-0.126998,-0.107610,-0.054919,-0.160213,m
5.70,0.977847,0.977895,0.977107,0.977840,-0.174130,-0.192418,-0.050121,-0.097604,-0.124725,-0.104645,-0.053719,-0.158297,m
5.72,0.977801,0.979303,0.977369,0.978810,-0.175145,-0.195017,-0.047688,-0.095848,-0.122562,-0.102165,-0.052280,-0.156439,m
5.74,0.976525,0.979391,0.976438,0.978607,-0.175522,-0.197147,-0.045059,-0.094067,-0.120619,-0.100334,-0.050691,-0.154655,m
5.76,0.974214,0.978177,0.974551,0.977172,-0.175262,-0.198736,-0.042139,-0.092229,-0.118835,-0.099030,-0.048758,-0.152844,m
5.78,0.971145,0.975879,0.972037,0.974691,-0.174392,-0.199659,-0.038761,-0.090230,-0.117038,-0.097944,-0.046399,-0.150711,m
5.80,0.967497,0.972789,0.969063,0.971452,-0.173034,-0.199888,-0.034901,-0.087941,-0.115306,-0.096774,-0.043949,-0.148056,m
5.82,0.963506,0.969112,0.965847,0.967700,-0.171352,-0.199561,-0.030592,-0.085317,-0.113879,-0.095565,-0.041868,-0.145161,m
5.84,0.959561,0.965108,0.962698,0.963749,-0.169427,-0.198886,-0.025828,-0.082371,-0.112916,-0.094546,-0.040455,-0.142528,m
5.86,0.956075,0.961187,0.959880,0.960028,-0.167223,-0.197999,-0.020508,-0.079058,-0.112365,-0.093921,-0.039745,-0.140545,m
5.88,0.953357,0.957770,0.957634,0.956904,-0.164684,-0.196913,-0.014543,-0.075245,-0.112039,-0.093736,-0.039564,-0.139273,m
5.90,0.951519,0.955167,0.956041,0.954629,-0.161816,-0.195556,-0.007927,-0.070779,-0.111780,-0.093852,-0.039740,-0.138451,m
5.92,0.950583,0.953504,0.955039,0.953318,-0.158670,-0.193856,-0.000711,-0.065566,-0.111678,-0.094030,-0.040206,-0.137768,m
5.94,0.950630,0.952798,0.954677,0.953019,-0.155254,-0.191808,0.007178,-0.059631,-0.111840,-0.094205,-0.041148,-0.137165,m
5.96,0.951729,0.953097,0.955003,0.953704,-0.151556,-0.189429,0.015761,-0.052998,-0.112255,-0.094407,-0.042423,-0.136634,m
5.98,0.953900,0.954445,0.955878,0.955316,-0.147549,-0.186757,0.025058,-0.045667,-0.112827,-0.094661,-0.043918,-0.136192,m
6.00,0.957022,0.956865,0.957120,0.957740,-0.143240,-0.183791,0.035031,-0.037630,-0.113530,-0.094962,-0.045578,-0.135838,m
6.02,0.960781,0.960268,0.958312,0.960630,-0.138703,-0.180521,0.045630,-0.028963,-0.114424,-0.095353,-0.047454,-0.135534,m
6.04,0.964764,0.964371,0.958892,0.963754,-0.133995,-0.176975,0.056782,-0.019636,-0.115520,-0.095939,-0.049415,-0.135587,m
6.06,0.968580,0.968760,0.958277,0.966543,-0.129117,-0.173196,0.068502,-0.009756,-0.116846,-0.096772,-0.051455,-0.135847,m
6.08,0.971918,0.972982,0.955874,0.968485,-0.124022,-0.169217,0.080901,0.000649,-0.118443,-0.097889,-0.053496,-0.136386,m
6.10,0.974562,0.976669,0.951177,0.969103,-0.118647,-0.165048,0.094224,0.011522,-0.120329,-0.099348,-0.055518,-0.137264,m
6.12,0.976336,0.979616,0.943762,0.968034,-0.112948,-0.160655,0.108390,0.022927,-0.122561,-0.101209,-0.058008,-0.138442,m
6.14,0.977084,0.981712,0.936866,0.965062,-0.106881,-0.156004,0.120805,0.035139,-0.125215,-0.103552,-0.061628,-0.139907,m
6.16,0.976664,0.982893,0.935344,0.959951,-0.100335,-0.151059,0.129605,0.048379,-0.128271,-0.106462,-0.065235,-0.141659,m
6.18,0.974948,0.983130,0.938214,0.952373,-0.093217,-0.145745,0.135420,0.062579,-0.131713,-0.109902,-0.068023,-0.144031,m
6.20,0.971804,0.982411,0.942657,0.944215,-0.085482,-0.139998,0.139866,0.075792,-0.135570,-0.113774,-0.070114,-0.147932,m
6.22,0.967014,0.980745,0.946865,0.939909,-0.077197,-0.133774,0.143832,0.086037,-0.140048,-0.117973,-0.072076,-0.152740,m
6.24,0.960425,0.978082,0.949638,0.940385,-0.068747,-0.127106,0.147652,0.093508,-0.145475,-0.122511,-0.074409,-0.156471,m
6.26,0.954486,0.974261,0.950499,0.943177,-0.061841,-0.120095,0.151303,0.099245,-0.151624,-0.127504,-0.077114,-0.158721,m
6.28,0.950296,0.969085,0.949585,0.946184,-0.056930,-0.112799,0.154692,0.104242,-0.157541,-0.133004,-0.079722,-0.160428,m
6.30,0.947160,0.962369,0.947156,0.947961,-0.053399,-0.105218,0.157719,0.109079,-0.162569,-0.139071,-0.081740,-0.162186,m
6.32,0.944146,0.954684,0.943185,0.947757,-0.050359,-0.097867,0.160374,0.113849,-0.166659,-0.145824,-0.082896,-0.164234,m
6.34,0.940778,0.948413,0.937330,0.945436,-0.047258,-0.092041,0.162647,0.118429,-0.169800,-0.152701,-0.083229,-0.166283,m
6.36,0.937052,0.944061,0.930132,0.941150,-0.043813,-0.086902,0.165090,0.122688,-0.172252,-0.158226,-0.083860,-0.167888,m
6.38,0.932944,0.940585,0.923807,0.934992,-0.039867,-0.081630,0.168563,0.126593,-0.174202,-0.162503,-0.085609,-0.168693,m
6.40,0.928799,0.937286,0.918597,0.928051,-0.034864,-0.075965,0.172783,0.130898,-0.176307,-0.166173,-0.087472,-0.169788,m
6.42,0.924760,0.933827,0.914670,0.922203,-0.028585,-0.069505,0.178062,0.136136,-0.178508,-0.169716,-0.089368,-0.172031,m
6.44,0.921079,0.930208,0.911985,0.917551,-0.021195,-0.062036,0.184652,0.142076,-0.180854,-0.173381,-0.091286,-0.174361,m
6.46,0.917970,0.926743,0.910332,0.913962,-0.012958,-0.053803,0.192309,0.148611,-0.183252,-0.177273,-0.093219,-0.176685,m
6.48,0.915839,0.923784,0.909249,0.911492,-0.004321,-0.044970,0.200910,0.155883,-0.185767,-0.181202,-0.095001,-0.179168,m
6.50,0.915929,0.921521,0.908843,0.910085,0.003424,-0.035567,0.209593,0.164038,-0.188462,-0.185051,-0.096768,-0.181519,m
6.52,0.918443,0.920867,0.910669,0.909852,0.010152,-0.027070,0.216518,0.172368,-0.190487,-0.189190,-0.099855,-0.183863,m
6.54,0.923082,0.922665,0.915302,0.912207,0.016640,-0.019864,0.222543,0.178914,-0.192189,-0.192540,-0.103267,-0.187355,m
6.56,0.929509,0.927168,0.922144,0.917338,0.023538,-0.012626,0.228741,0.184852,-0.193772,-0.195130,-0.105794,-0.190736,m
6.58,0.937101,0.933956,0.930493,0.924743,0.030796,-0.004663,0.235304,0.191215,-0.195406,-0.197637,-0.107620,-0.193270,m
6.60,0.945122,0.942038,0.939465,0.933668,0.038355,0.003868,0.242200,0.198086,-0.197028,-0.200631,-0.108940,-0.195236,m
6.62,0.953024,0.950399,0.948340,0.943076,0.046081,0.012750,0.249265,0.205377,-0.198436,-0.204030,-0.109738,-0.197001,m
6.64,0.960505,0.958376,0.956747,0.952036,0.053635,0.021746,0.256158,0.212913,-0.199593,-0.207221,-0.110142,-0.198496,m
6.66,0.967397,0.965749,0.964518,0.960166,0.060701,0.030430,0.262625,0.220237,-0.200544,-0.209867,-0.110309,-0.199736,m
6.68,0.973717,0.972455,0.971648,0.967426,0.067089,0.038484,0.268550,0.226988,-0.201326,-0.211950,-0.110381,-0.200809,m
6.70,0.979595,0.978612,0.978216,0.974006,0.072825,0.045819,0.273952,0.233072,-0.202001,-0.213529,-0.110435,-0.201723,m
6.72,0.985080,0.984478,0.984249,0.980127,0.078033,0.052594,0.278946,0.238607,-0.202633,-0.214684,-0.110495,-0.202430,m
6.74,0.990118,0.990240,0.989694,0.985855,0.082825,0.059048,0.283612,0.243824,-0.203234,-0.215535,-0.110534,-0.202951,m
6.76,0.994490,0.995860,0.994374,0.991079,0.087263,0.065413,0.287973,0.248924,-0.203720,-0.216148,-0.110444,-0.203293,m
6.78,0.997837,1.000987,0.997970,0.995548,0.091328,0.071797,0.291956,0.253974,-0.203989,-0.216545,-0.110146,-0.203420,m
6.80,0.999736,1.005281,1.000438,0.998908,0.094923,0.077965,0.293954,0.258901,-0.203997,-0.216881,-0.108611,-0.203263,m
6.82,1.000039,1.007877,1.001025,1.000954,0.097280,0.083632,0.294092,0.262968,-0.203352,-0.217261,-0.106635,-0.202361,m
6.84,0.998500,1.007185,0.999222,1.001521,0.097779,0.088483,0.293306,0.264943,-0.202178,-0.217729,-0.105264,-0.200256,m
6.86,0.995081,1.002311,0.995447,0.999686,0.097568,0.091765,0.292086,0.265846,-0.201629,-0.218589,-0.104603,-0.198240,m
6.88,0.990484,0.993562,0.990500,0.995521,0.097045,0.093167,0.290837,0.266052,-0.201320,-0.219305,-0.104267,-0.196937,m
6.90,0.985392,0.981171,0.985080,0.989877,0.096536,0.093939,0.289734,0.265895,-0.200963,-0.219048,-0.103912,-0.196350,m
6.92,0.980289,0.966243,0.979652,0.983823,0.096276,0.095438,0.288774,0.265695,-0.200389,-0.218470,-0.103327,-0.196221,m
6.94,0.975385,0.954554,0.974460,0.978043,0.096353,0.095655,0.287887,0.265660,-0.199627,-0.220101,-0.102603,-0.195963,m
6.96,0.970865,0.946857,0.969685,0.972840,0.096568,0.096181,0.286890,0.265720,-0.198923,-0.220662,-0.101993,-0.195441,m
6.98,0.966933,0.942080,0.965555,0.968275,0.096760,0.097297,0.285643,0.265666,-0.198463,-0.220027,-0.101556,-0.194971,m
7.00,0.963791,0.939170,0.962250,0.964417,0.096885,0.098669,0.284324,0.265307,-0.198295,-0.219389,-0.101461,-0.194741,m
7.02,0.961645,0.937333,0.959976,0.961336,0.096983,0.100070,0.283048,0.264813,-0.198422,-0.219498,-0.101716,-0.194916,m
7.04,0.960715,0.936451,0.958949,0.959237,0.096692,0.101281,0.281571,0.264252,-0.198449,-0.219988,-0.102141,-0.195423,m
7.06,0.960981,0.936779,0.959188,0.958373,0.096116,0.102126,0.279779,0.263551,-0.198368,-0.220097,-0.102587,-0.196114,m
7.08,0.962366,0.938428,0.960617,0.958898,0.095281,0.102460,0.277592,0.262527,-0.198107,-0.219382,-0.102893,-0.196627,m
7.10,0.964735,0.941375,0.963081,0.960780,0.094116,0.102230,0.274916,0.261159,-0.197546,-0.217702,-0.102904,-0.196810,m
7.12,0.967892,0.945448,0.966355,0.963804,0.092571,0.101448,0.271706,0.259392,-0.196634,-0.215214,-0.102514,-0.196566,m
7.14,0.971594,0.950358,0.970164,0.967651,0.090627,0.100148,0.267966,0.257198,-0.195392,-0.212239,-0.101714,-0.195938,m
7.16,0.975513,0.955769,0.974146,0.971982,0.088286,0.098373,0.263732,0.254580,-0.193897,-0.209095,-0.100563,-0.194965,m
7.18,0.979359,0.961306,0.977982,0.976412,0.085583,0.096163,0.259053,0.251541,-0.192149,-0.206007,-0.099059,-0.193717,m
7.20,0.982919,0.966651,0.981427,0.980615,0.082583,0.093567,0.253989,0.248113,-0.190073,-0.202981,-0.097135,-0.192195,m
7.22,0.986049,0.971576,0.984294,0.984375,0.079329,0.090641,0.248565,0.244329,-0.187652,-0.199877,-0.094793,-0.190329,m
7.24,0.988674,0.975915,0.986458,0.987572,0.075814,0.087408,0.242750,0.240195,-0.184930,-0.196603,-0.092087,-0.188121,m
7.26,0.990748,0.979564,0.987831,0.990165,0.072000,0.083854,0.236477,0.235687,-0.181976,-0.193139,-0.089071,-0.185632,m
7.28,0.992223,0.982461,0.988342,0.992125,0.067824,0.079947,0.229672,0.230784,-0.178849,-0.189487,-0.085821,-0.182944,m
7.30,0.993049,0.984564,0.987899,0.993421,0.063231,0.075630,0.222262,0.225456,-0.175556,-0.185661,-0.082339,-0.180141,m
7.32,0.993136,0.985849,0.986322,0.994030,0.058170,0.070840,0.214215,0.219663,-0.172114,-0.181667,-0.078671,-0.177285,m
7.34,0.992352,0.986265,0.983316,0.993883,0.052598,0.065517,0.205513,0.213361,-0.168569,-0.177558,-0.074899,-0.174423,m
7.36,0.990544,0.985724,0.978457,0.992873,0.046514,0.059612,0.196173,0.206516,-0.164938,-0.173401,-0.071085,-0.171596,m
7.38,0.987488,0.984132,0.971171,0.990887,0.039945,0.053124,0.186279,0.199099,-0.161250,-0.169194,-0.067336,-0.168776,m
7.40,0.982945,0.981364,0.961010,0.987736,0.032945,0.046093,0.176055,0.191117,-0.157474,-0.164896,-0.063770,-0.165918,m
7.42,0.976614,0.977301,0.951808,0.983205,0.025598,0.038587,0.167710,0.182595,-0.153590,-0.160425,-0.063168,-0.162944,m
7.44,0.968265,0.971804,0.947031,0.977040,0.017993,0.030704,0.162447,0.173623,-0.149639,-0.155694,-0.063971,-0.159821,m
7.46,0.958582,0.964728,0.944377,0.968912,0.010505,0.022574,0.159102,0.164361,-0.146375,-0.150674,-0.063524,-0.156559,m
7.48,0.951862,0.956059,0.941938,0.958767,0.005481,0.014257,0.156678,0.154768,-0.145660,-0.145365,-0.061671,-0.153242,m
7.50,0.946899,0.946013,0.939190,0.948428,0.001237,0.005644,0.154107,0.145464,-0.144256,-0.139910,-0.059239,-0.151309,m
7.52,0.942964,0.938638,0.936032,0.942271,-0.003300,-0.001507,0.151010,0.138130,-0.142467,-0.137510,-0.057454,-0.151797,m
7.54,0.939545,0.933542,0.933061,0.939140,-0.008407,-0.008079,0.146866,0.131709,-0.140520,-0.135063,-0.056997,-0.151123,m
7.56,0.936607,0.929801,0.930602,0.937418,-0.014173,-0.014844,0.141983,0.125339,-0.138996,-0.132358,-0.057341,-0.149161,m
7.58,0.934286,0.926909,0.928863,0.936308,-0.020493,-0.022179,0.136448,0.118384,-0.137830,-0.129504,-0.057969,-0.147238,m
7.60,0.932491,0.924818,0.927443,0.935461,-0.027262,-0.030075,0.130084,0.110788,-0.136715,-0.126408,-0.058451,-0.145888,m
7.62,0.930892,0.923500,0.925642,0.934376,-0.034425,-0.038038,0.123170,0.102904,-0.135150,-0.123337,-0.058139,-0.145093,m
7.64,0.929160,0.922866,0.924026,0.932794,-0.041552,-0.045751,0.116785,0.095049,-0.133547,-0.121013,-0.057866,-0.144989,m
7.66,0.928160,0.923010,0.923429,0.931454,-0.048090,-0.053259,0.111240,0.087703,-0.132829,-0.119643,-0.058046,-0.146180,m
7.68,0.928024,0.923900,0.923881,0.930940,-0.054272,-0.060613,0.106389,0.080794,-0.131365,-0.118665,-0.057536,-0.147622,m
7.70,0.929018,0.925560,0.925565,0.931612,-0.059966,-0.067512,0.102288,0.074439,-0.128730,-0.117436,-0.055700,-0.147751,m
7.72,0.931070,0.928106,0.928411,0.933697,-0.065061,-0.073678,0.098865,0.068891,-0.125315,-0.115663,-0.052923,-0.146098,m
7.74,0.933908,0.931424,0.932072,0.937045,-0.069577,-0.078954,0.095962,0.064169,-0.121665,-0.113433,-0.049761,-0.143284,m
7.76,0.937319,0.935303,0.936232,0.941181,-0.073566,-0.083441,0.093434,0.060020,-0.118058,-0.111058,-0.046509,-0.140196,m
7.78,0.941161,0.939534,0.940688,0.945634,-0.077081,-0.087383,0.091189,0.056201,-0.114614,-0.108845,-0.043370,-0.137425,m
7.80,0.945341,0.943955,0.945301,0.950112,-0.080146,-0.091033,0.089233,0.052564,-0.111349,-0.106986,-0.040425,-0.135172,m
7.82,0.949769,0.948468,0.950007,0.954474,-0.082799,-0.094534,0.087623,0.049117,-0.108224,-0.105443,-0.037620,-0.133327,m
7.84,0.954319,0.953024,0.954723,0.958700,-0.085132,-0.097945,0.086359,0.045958,-0.105246,-0.103991,-0.034936,-0.131585,m
7.86,0.958788,0.957557,0.959308,0.962788,-0.087284,-0.101297,0.085395,0.043131,-0.102564,-0.102447,-0.032489,-0.129669,m
7.88,0.962846,0.961934,0.963481,0.966653,-0.089465,-0.104649,0.084571,0.040570,-0.100607,-0.100854,-0.030677,-0.127572,m
7.90,0.966074,0.965873,0.966861,0.970042,-0.091838,-0.108136,0.083763,0.038073,-0.099850,-0.099641,-0.029916,-0.125740,m
7.92,0.968192,0.968934,0.969156,0.972549,-0.094261,-0.111865,0.083093,0.035454,-0.099950,-0.099326,-0.029725,-0.124716,m
7.94,0.969069,0.970707,0.970191,0.973864,-0.096449,-0.115647,0.082746,0.032811,-0.100140,-0.099600,-0.029328,-0.124193,m
7.96,0.968623,0.970843,0.969873,0.973848,-0.098211,-0.119093,0.082828,0.030398,-0.100176,-0.099687,-0.028487,-0.123433,m
7.98,0.966933,0.968973,0.968302,0.972456,-0.099482,-0.121872,0.083391,0.028407,-0.100185,-0.099289,-0.027290,-0.122155,m
8.00,0.964177,0.964980,0.965679,0.969856,-0.100337,-0.123865,0.084331,0.026913,-0.100304,-0.098457,-0.025959,-0.120492,m
8.02,0.960567,0.959231,0.962210,0.966317,-0.100861,-0.125177,0.085500,0.025808,-0.100550,-0.097142,-0.024624,-0.118651,m
8.04,0.956391,0.952938,0.958167,0.962111,-0.101068,-0.126018,0.086824,0.024945,-0.100978,-0.095538,-0.023496,-0.116701,m
8.06,0.951904,0.946980,0.953804,0.957503,-0.101015,-0.126653,0.088255,0.024212,-0.101856,-0.093555,-0.022985,-0.114844,m
8.08,0.947385,0.941531,0.949434,0.952710,-0.100734,-0.127376,0.089868,0.023525,-0.103393,-0.091593,-0.023326,-0.113536,m
8.10,0.943128,0.936624,0.945394,0.948003,-0.100186,-0.128262,0.091837,0.022906,-0.105557,-0.090207,-0.024437,-0.113095,m
8.12,0.939395,0.932340,0.941983,0.943703,-0.099305,-0.129176,0.094348,0.022496,-0.108197,-0.089659,-0.026103,-0.113494,m
8.14,0.936430,0.928811,0.939465,0.940092,-0.098011,-0.129868,0.097543,0.022502,-0.111128,-0.089816,-0.028118,-0.114471,m
8.16,0.934383,0.926188,0.937993,0.937425,-0.096293,-0.130078,0.101441,0.023103,-0.114257,-0.090376,-0.030410,-0.115726,m
8.18,0.933329,0.924544,0.937636,0.935858,-0.094190,-0.129657,0.106007,0.024361,-0.117544,-0.091105,-0.032930,-0.117042,m
8.20,0.933307,0.923904,0.938402,0.935458,-0.091729,-0.128576,0.111227,0.026236,-0.120947,-0.091825,-0.035601,-0.118298,m
8.22,0.934348,0.924271,0.940273,0.936202,-0.088902,-0.126870,0.117119,0.028650,-0.124361,-0.092445,-0.038288,-0.119463,m
8.24,0.936470,0.925663,0.943178,0.938057,-0.085681,-0.124585,0.123682,0.031529,-0.127623,-0.092900,-0.040844,-0.120537,m
8.26,0.939567,0.928092,0.946914,0.940983,-0.082111,-0.121761,0.130843,0.034839,-0.130668,-0.093110,-0.043237,-0.121427,m
8.28,0.943436,0.931465,0.951179,0.944844,-0.078265,-0.118489,0.138524,0.038508,-0.133535,-0.093062,-0.045516,-0.122109,m
8.30,0.947800,0.935599,0.955598,0.949429,-0.074190,-0.114886,0.146702,0.042461,-0.136343,-0.092831,-0.047791,-0.122626,m
8.32,0.952349,0.940247,0.959711,0.954453,-0.069876,-0.111054,0.155378,0.046630,-0.139177,-0.092558,-0.050067,-0.123114,m
8.34,0.956792,0.945143,0.963234,0.959604,-0.065264,-0.107037,0.164607,0.051018,-0.142051,-0.092346,-0.052607,-0.123673,m
8.36,0.960819,0.950054,0.965876,0.964591,-0.060337,-0.102826,0.174394,0.055680,-0.145038,-0.092230,-0.055463,-0.124324,m
8.38,0.964162,0.954752,0.967224,0.969141,-0.055074,-0.098417,0.184701,0.060650,-0.148245,-0.092259,-0.058592,-0.125122,m
8.40,0.966637,0.959024,0.967141,0.973010,-0.049390,-0.093805,0.195614,0.065915,-0.151740,-0.092502,-0.062181,-0.126170,m
8.42,0.968115,0.962709,0.965293,0.976016,-0.043222,-0.088930,0.207199,0.071465,-0.155610,-0.093016,-0.066115,-0.127575,m
8.44,0.968474,0.965678,0.961204,0.978010,-0.036541,-0.083764,0.219534,0.077277,-0.159931,-0.093909,-0.070351,-0.129471,m
8.46,0.967532,0.967820,0.954241,0.978887,-0.029316,-0.078303,0.232548,0.083337,-0.164679,-0.095261,-0.075165,-0.131946,m
8.48,0.964997,0.969073,0.944955,0.978603,-0.021513,-0.072504,0.245055,0.089717,-0.169922,-0.097010,-0.081267,-0.134880,m
8.50,0.960360,0.969369,0.938115,0.977126,-0.013201,-0.066330,0.254298,0.096495,-0.175870,-0.099107,-0.087945,-0.138176,m
8.52,0.954625,0.968608,0.936205,0.974363,-0.005924,-0.059746,0.259339,0.103769,-0.182886,-0.101515,-0.093884,-0.141728,m
8.54,0.950437,0.966610,0.937068,0.970063,-0.000604,-0.052759,0.262703,0.111590,-0.189858,-0.104249,-0.098390,-0.145540,m
8.56,0.947849,0.963112,0.938483,0.963852,0.002763,-0.045373,0.266223,0.119957,-0.195887,-0.107299,-0.101683,-0.149721,m
8.58,0.945678,0.957924,0.939000,0.955549,0.005708,-0.037486,0.270531,0.128860,-0.200818,-0.110546,-0.104036,-0.154249,m
8.60,0.943169,0.951336,0.937987,0.946983,0.008650,-0.029208,0.275453,0.136998,-0.204372,-0.113868,-0.105397,-0.159169,m
8.62,0.940496,0.945514,0.935357,0.940767,0.012214,-0.021676,0.280701,0.143721,-0.207434,-0.116958,-0.105940,-0.163395,m
8.64,0.937450,0.941790,0.932075,0.937615,0.016197,-0.014990,0.286489,0.149482,-0.208976,-0.119006,-0.106574,-0.165880,m
8.66,0.934338,0.939507,0.928386,0.936349,0.020921,-0.008212,0.292712,0.154976,-0.210201,-0.119856,-0.106662,-0.166799,m
8.68,0.931329,0.937891,0.924486,0.935608,0.026401,-0.001080,0.299306,0.160570,-0.211980,-0.120191,-0.107014,-0.166934,m
8.70,0.928485,0.936263,0.920867,0.934296,0.032167,0.006527,0.305978,0.166795,-0.214768,-0.120784,-0.108719,-0.166922,m
8.72,0.926134,0.934397,0.918023,0.932408,0.038492,0.014188,0.313206,0.173460,-0.218215,-0.122491,-0.111656,-0.167950,m
8.74,0.924477,0.932453,0.915863,0.930353,0.045947,0.021807,0.321484,0.180501,-0.221642,-0.125319,-0.114739,-0.170071,m
8.76,0.923850,0.930825,0.914051,0.928567,0.054150,0.030087,0.330748,0.188322,-0.224529,-0.128453,-0.117151,-0.172578,m
8.78,0.925205,0.929423,0.913809,0.926825,0.061479,0.039946,0.338771,0.197503,-0.227205,-0.130710,-0.120153,-0.174420,m
8.80,0.928312,0.929774,0.916420,0.926001,0.068090,0.049529,0.344941,0.206635,-0.229071,-0.132571,-0.123793,-0.175857,m
8.82,0.932848,0.932699,0.921316,0.928102,0.074761,0.058213,0.350637,0.214038,-0.230818,-0.134295,-0.126407,-0.178608,m
8.84,0.938295,0.937342,0.927703,0.932407,0.081683,0.067362,0.356406,0.221207,-0.232750,-0.135522,-0.128171,-0.181018,m
8.86,0.944181,0.942872,0.934807,0.937969,0.088837,0.077030,0.362436,0.228742,-0.234780,-0.136667,-0.129460,-0.182606,m
8.88,0.950184,0.948708,0.942050,0.944181,0.096081,0.086756,0.368701,0.236511,-0.236670,-0.138152,-0.130360,-0.183737,m
8.90,0.956105,0.954491,0.949096,0.950557,0.103293,0.096177,0.375086,0.244308,-0.238251,-0.139898,-0.131002,-0.184659,m
8.92,0.961817,0.960035,0.955776,0.956719,0.110449,0.105177,0.381539,0.252066,-0.239459,-0.141464,-0.131471,-0.185229,m
8.94,0.967226,0.965344,0.962030,0.962490,0.117458,0.113803,0.387952,0.259715,-0.240401,-0.142615,-0.131851,-0.185507,m
8.96,0.972249,0.970501,0.967794,0.967854,0.124156,0.122086,0.394171,0.267152,-0.241188,-0.143408,-0.132138,-0.185711,m
8.98,0.976793,0.975499,0.972990,0.972781,0.130411,0.130031,0.400036,0.274292,-0.241807,-0.143997,-0.132216,-0.185904,m
9.00,0.980696,0.980219,0.977464,0.977169,0.136125,0.137659,0.405420,0.281116,-0.242121,-0.144417,-0.131884,-0.185955,m
9.02,0.983738,0.984451,0.981015,0.980864,0.141189,0.144962,0.410176,0.287593,-0.242059,-0.144528,-0.131056,-0.185633,m
9.04,0.985718,0.987896,0.983457,0.983693,0.145459,0.151842,0.414133,0.293624,-0.241700,-0.144199,-0.129792,-0.184789,m
9.06,0.986516,0.990256,0.984710,0.985488,0.148793,0.158113,0.417104,0.299057,-0.241251,-0.143423,-0.128308,-0.183445,m
9.08,0.986115,0.991380,0.984859,0.986127,0.151147,0.163512,0.418254,0.303723,-0.240885,-0.142393,-0.126234,-0.181812,m
9.10,0.984634,0.991266,0.983867,0.985628,0.152611,0.167897,0.418126,0.307248,-0.240618,-0.141386,-0.124108,-0.179985,m
9.12,0.982487,0.989864,0.981868,0.984065,0.153100,0.171356,0.417424,0.309356,-0.240196,-0.140527,-0.122224,-0.177938,m
9.14,0.980024,0.987356,0.979382,0.981518,0.152937,0.173916,0.416468,0.310691,-0.239570,-0.139974,-0.120555,-0.176074,m
9.16,0.977573,0.984108,0.977018,0.978519,0.152584,0.175691,0.415274,0.311563,-0.238898,-0.139701,-0.118944,-0.174502,m
9.18,0.975569,0.980751,0.975153,0.975736,0.152050,0.176709,0.413784,0.312234,-0.238210,-0.139645,-0.117218,-0.173112,m
9.20,0.974290,0.977875,0.974011,0.973636,0.151247,0.177193,0.412083,0.312833,-0.237629,-0.139603,-0.115623,-0.171790,m
9.22,0.973942,0.975772,0.973773,0.972482,0.150090,0.177254,0.409870,0.313110,-0.237090,-0.139560,-0.114124,-0.170591,m
9.24,0.974589,0.974619,0.974529,0.972365,0.148511,0.176902,0.406933,0.312957,-0.236598,-0.139570,-0.112858,-0.169620,m
9.26,0.975996,0.974472,0.976109,0.973288,0.146468,0.176113,0.403280,0.312227,-0.236437,-0.139767,-0.111968,-0.168956,m
9.28,0.977880,0.975152,0.978184,0.975009,0.144029,0.174841,0.399062,0.310846,-0.236737,-0.140445,-0.111491,-0.168770,m
9.30,0.979996,0.976399,0.980419,0.977225,0.141335,0.173154,0.394442,0.308913,-0.237395,-0.141720,-0.111365,-0.169094,m
9.32,0.982145,0.977976,0.982590,0.979660,0.138503,0.171197,0.389532,0.306624,-0.238203,-0.143462,-0.111404,-0.169759,m
9.34,0.984223,0.979737,0.984566,0.982103,0.135597,0.169116,0.384407,0.304148,-0.238967,-0.145386,-0.111422,-0.170490,m
9.36,0.986107,0.981630,0.986173,0.984449,0.132615,0.166998,0.379097,0.301578,-0.239621,-0.147193,-0.111347,-0.171087,m
9.38,0.987694,0.983571,0.986933,0.986596,0.129517,0.164848,0.373724,0.298938,-0.240162,-0.148699,-0.110973,-0.171465,m
9.40,0.988908,0.985454,0.986830,0.988457,0.126259,0.162611,0.368032,0.296207,-0.240590,-0.149901,-0.110389,-0.171619,m
9.42,0.989677,0.987171,0.986244,0.989948,0.122794,0.160229,0.361762,0.293356,-0.240878,-0.150914,-0.109626,-0.171579,m
9.44,0.989931,0.988610,0.984743,0.990974,0.119076,0.157666,0.355234,0.290347,-0.240967,-0.151848,-0.108225,-0.171377,m
9.46,0.989588,0.989677,0.982325,0.991438,0.115041,0.154885,0.348146,0.287125,-0.240820,-0.152769,-0.106436,-0.171009,m
9.48,0.988580,0.990296,0.978602,0.991261,0.110603,0.151849,0.340612,0.283614,-0.240423,-0.153700,-0.104124,-0.170468,m
9.50,0.986858,0.990426,0.973380,0.990396,0.105692,0.148495,0.332423,0.279705,-0.239714,-0.154618,-0.101483,-0.169750,m
9.52,0.984371,0.990104,0.966164,0.988848,0.100284,0.144759,0.323721,0.275307,-0.238580,-0.155422,-0.098433,-0.168784,m
9.54,0.981014,0.989414,0.956562,0.986654,0.094384,0.140612,0.314607,0.270368,-0.236974,-0.155950,-0.095295,-0.167449,m
9.56,0.976579,0.988411,0.948933,0.983836,0.088028,0.136063,0.307702,0.264881,-0.234962,-0.156083,-0.095020,-0.165669,m
9.58,0.970778,0.987063,0.946385,0.980342,0.081236,0.131141,0.303990,0.258883,-0.232721,-0.155790,-0.095633,-0.163448,m
9.60,0.964007,0.985267,0.946473,0.975998,0.074565,0.125842,0.302090,0.252409,-0.231129,-0.155134,-0.095051,-0.160883,m
9.62,0.959898,0.982893,0.947271,0.970524,0.070556,0.120134,0.300970,0.245487,-0.231599,-0.154236,-0.093443,-0.158078,m
9.64,0.956973,0.979768,0.947648,0.963673,0.067701,0.113976,0.300213,0.238114,-0.231623,-0.153269,-0.091360,-0.155251,m
9.66,0.954461,0.975761,0.946917,0.958065,0.065177,0.107329,0.299849,0.231940,-0.231441,-0.152421,-0.089123,-0.154518,m
9.68,0.952194,0.970985,0.944914,0.955256,0.062903,0.100169,0.299654,0.227539,-0.231105,-0.151760,-0.087262,-0.154404,m
9.70,0.950366,0.965755,0.942902,0.953860,0.060458,0.092458,0.298821,0.223909,-0.230880,-0.151310,-0.086357,-0.153465,m
9.72,0.948903,0.960535,0.941475,0.953117,0.057576,0.084223,0.297206,0.220266,-0.230556,-0.151090,-0.085972,-0.152157,m
9.74,0.947693,0.957376,0.940588,0.952742,0.054109,0.076490,0.294860,0.216262,-0.230170,-0.152089,-0.085939,-0.150879,m
9.76,0.946828,0.955681,0.940467,0.952382,0.050017,0.068948,0.291841,0.211828,-0.229828,-0.152302,-0.086087,-0.149680,m
9.78,0.946530,0.955185,0.941167,0.951985,0.045316,0.061350,0.288055,0.206903,-0.229524,-0.151860,-0.086068,-0.148766,m
9.80,0.947001,0.955638,0.942221,0.951743,0.040123,0.053602,0.283499,0.201460,-0.229115,-0.150958,-0.085482,-0.148101,m
9.82,0.948329,0.956756,0.942897,0.951707,0.034720,0.045818,0.278229,0.195500,-0.228329,-0.149587,-0.083845,-0.147368,m
9.84,0.950313,0.958133,0.943341,0.951803,0.029506,0.038227,0.272819,0.189161,-0.226726,-0.147786,-0.081623,-0.146452,m
9.86,0.952428,0.959337,0.944740,0.952375,0.024830,0.030786,0.268272,0.183192,-0.224141,-0.145750,-0.078921,-0.145541,m
9.88,0.954421,0.960614,0.946909,0.953428,0.020557,0.023150,0.264542,0.177868,-0.221114,-0.143705,-0.075409,-0.144157,m
9.90,0.956535,0.962383,0.949598,0.955097,0.016525,0.015724,0.261379,0.173018,-0.217895,-0.141154,-0.071458,-0.142024,m
9.92,0.959071,0.964834,0.952644,0.957415,0.013065,0.009168,0.258821,0.168711,-0.214458,-0.137904,-0.067088,-0.138856,m
9.94,0.962015,0.967899,0.955967,0.960406,0.010512,0.003945,0.257029,0.165226,-0.210949,-0.134213,-0.062470,-0.134839,m
9.96,0.965086,0.971268,0.959362,0.963924,0.009040,0.000144,0.256117,0.162775,-0.207538,-0.130431,-0.057956,-0.130450,m
9.98,0.968001,0.974553,0.962556,0.967574,0.008822,-0.002329,0.256230,0.161420,-0.204347,-0.126949,-0.053778,-0.126169,m
