time_s,isaac_d20_vs_d00,mujoco_d20_vs_d00,cross_d00,cross_d20,unit,aggregation
0.00,0.000000,0.000000,0.000001,0.000001,rad,per-cycle geodesic RMS over 14 actual bodies
0.02,0.000000,0.000000,0.057168,0.057168,rad,per-cycle geodesic RMS over 14 actual bodies
0.04,0.012678,0.013918,0.097781,0.101092,rad,per-cycle geodesic RMS over 14 actual bodies
0.06,0.022401,0.033648,0.114474,0.124642,rad,per-cycle geodesic RMS over 14 actual bodies
0.08,0.035471,0.053283,0.123481,0.129424,rad,per-cycle geodesic RMS over 14 actual bodies
0.10,0.053462,0.060196,0.135543,0.134593,rad,per-cycle geodesic RMS over 14 actual bodies
0.12,0.059692,0.062321,0.145683,0.149889,rad,per-cycle geodesic RMS over 14 actual bodies
0.14,0.045070,0.060169,0.152847,0.160643,rad,per-cycle geodesic RMS over 14 actual bodies
0.16,0.048078,0.054304,0.162221,0.158751,rad,per-cycle geodesic RMS over 14 actual bodies
0.18,0.065661,0.072909,0.164934,0.153201,rad,per-cycle geodesic RMS over 14 actual bodies
0.20,0.058390,0.075457,0.163552,0.153639,rad,per-cycle geodesic RMS over 14 actual bodies
0.22,0.048669,0.067303,0.159246,0.151106,rad,per-cycle geodesic RMS over 14 actual bodies
0.24,0.044907,0.071414,0.148217,0.148747,rad,per-cycle geodesic RMS over 14 actual bodies
0.26,0.042085,0.079773,0.135154,0.147340,rad,per-cycle geodesic RMS over 14 actual bodies
0.28,0.038260,0.092849,0.126804,0.146141,rad,per-cycle geodesic RMS over 14 actual bodies
0.30,0.040439,0.093032,0.123539,0.150782,rad,per-cycle geodesic RMS over 14 actual bodies
0.32,0.042277,0.114208,0.117950,0.172857,rad,per-cycle geodesic RMS over 14 actual bodies
0.34,0.043268,0.124476,0.107793,0.185899,rad,per-cycle geodesic RMS over 14 actual bodies
0.36,0.042829,0.120069,0.096555,0.180891,rad,per-cycle geodesic RMS over 14 actual bodies
0.38,0.035195,0.112884,0.086479,0.165147,rad,per-cycle geodesic RMS over 14 actual bodies
0.40,0.028764,0.107956,0.078191,0.149844,rad,per-cycle geodesic RMS over 14 actual bodies
0.42,0.027758,0.105995,0.071424,0.139200,rad,per-cycle geodesic RMS over 14 actual bodies
0.44,0.027715,0.107751,0.066244,0.135374,rad,per-cycle geodesic RMS over 14 actual bodies
0.46,0.026117,0.111959,0.062725,0.136981,rad,per-cycle geodesic RMS over 14 actual bodies
0.48,0.024404,0.116016,0.060105,0.139618,rad,per-cycle geodesic RMS over 14 actual bodies
0.50,0.023976,0.119698,0.056598,0.143955,rad,per-cycle geodesic RMS over 14 actual bodies
0.52,0.025656,0.123682,0.054144,0.147444,rad,per-cycle geodesic RMS over 14 actual bodies
0.54,0.023941,0.127376,0.050592,0.150670,rad,per-cycle geodesic RMS over 14 actual bodies
0.56,0.022221,0.133739,0.047753,0.154337,rad,per-cycle geodesic RMS over 14 actual bodies
0.58,0.020348,0.140304,0.046431,0.155667,rad,per-cycle geodesic RMS over 14 actual bodies
0.60,0.020836,0.143487,0.046259,0.153465,rad,per-cycle geodesic RMS over 14 actual bodies
0.62,0.021666,0.143880,0.046866,0.149661,rad,per-cycle geodesic RMS over 14 actual bodies
0.64,0.022032,0.141283,0.048356,0.145661,rad,per-cycle geodesic RMS over 14 actual bodies
0.66,0.022928,0.135669,0.049725,0.140266,rad,per-cycle geodesic RMS over 14 actual bodies
0.68,0.025618,0.128505,0.050552,0.134485,rad,per-cycle geodesic RMS over 14 actual bodies
0.70,0.025636,0.120879,0.051679,0.129628,rad,per-cycle geodesic RMS over 14 actual bodies
0.72,0.023765,0.112545,0.052121,0.123509,rad,per-cycle geodesic RMS over 14 actual bodies
0.74,0.022680,0.105002,0.052385,0.118715,rad,per-cycle geodesic RMS over 14 actual bodies
0.76,0.021973,0.100904,0.052313,0.117314,rad,per-cycle geodesic RMS over 14 actual bodies
0.78,0.021866,0.102658,0.052256,0.121956,rad,per-cycle geodesic RMS over 14 actual bodies
0.80,0.021396,0.111671,0.052277,0.132354,rad,per-cycle geodesic RMS over 14 actual bodies
0.82,0.020066,0.124062,0.052403,0.143806,rad,per-cycle geodesic RMS over 14 actual bodies
0.84,0.019976,0.135191,0.052691,0.153392,rad,per-cycle geodesic RMS over 14 actual bodies
0.86,0.021332,0.143265,0.053209,0.160826,rad,per-cycle geodesic RMS over 14 actual bodies
0.88,0.022446,0.147595,0.054022,0.166026,rad,per-cycle geodesic RMS over 14 actual bodies
0.90,0.023167,0.147054,0.055165,0.167385,rad,per-cycle geodesic RMS over 14 actual bodies
0.92,0.023803,0.142799,0.056660,0.165629,rad,per-cycle geodesic RMS over 14 actual bodies
0.94,0.023837,0.136156,0.058519,0.161169,rad,per-cycle geodesic RMS over 14 actual bodies
0.96,0.023427,0.127967,0.060667,0.154617,rad,per-cycle geodesic RMS over 14 actual bodies
0.98,0.022740,0.119805,0.063015,0.147913,rad,per-cycle geodesic RMS over 14 actual bodies
1.00,0.021695,0.113344,0.065473,0.143068,rad,per-cycle geodesic RMS over 14 actual bodies
1.02,0.020149,0.108923,0.067879,0.140972,rad,per-cycle geodesic RMS over 14 actual bodies
1.04,0.018647,0.106099,0.069984,0.141249,rad,per-cycle geodesic RMS over 14 actual bodies
1.06,0.018145,0.102712,0.071742,0.141612,rad,per-cycle geodesic RMS over 14 actual bodies
1.08,0.018414,0.100328,0.073163,0.141977,rad,per-cycle geodesic RMS over 14 actual bodies
1.10,0.018616,0.099253,0.074342,0.143502,rad,per-cycle geodesic RMS over 14 actual bodies
1.12,0.018686,0.100472,0.075378,0.147379,rad,per-cycle geodesic RMS over 14 actual bodies
1.14,0.018576,0.102345,0.076317,0.151872,rad,per-cycle geodesic RMS over 14 actual bodies
1.16,0.018271,0.106199,0.077176,0.158420,rad,per-cycle geodesic RMS over 14 actual bodies
1.18,0.018329,0.114670,0.077901,0.169243,rad,per-cycle geodesic RMS over 14 actual bodies
1.20,0.018520,0.127191,0.078650,0.183605,rad,per-cycle geodesic RMS over 14 actual bodies
1.22,0.018907,0.142664,0.079396,0.200421,rad,per-cycle geodesic RMS over 14 actual bodies
1.24,0.019483,0.159770,0.080137,0.218366,rad,per-cycle geodesic RMS over 14 actual bodies
1.26,0.019895,0.176377,0.080831,0.235435,rad,per-cycle geodesic RMS over 14 actual bodies
1.28,0.019883,0.188455,0.081344,0.247725,rad,per-cycle geodesic RMS over 14 actual bodies
1.30,0.019540,0.191184,0.081747,0.250767,rad,per-cycle geodesic RMS over 14 actual bodies
1.32,0.019091,0.186056,0.082039,0.246072,rad,per-cycle geodesic RMS over 14 actual bodies
1.34,0.018606,0.177329,0.082101,0.237547,rad,per-cycle geodesic RMS over 14 actual bodies
1.36,0.018177,0.169605,0.082097,0.229774,rad,per-cycle geodesic RMS over 14 actual bodies
1.38,0.017737,0.164417,0.082025,0.224546,rad,per-cycle geodesic RMS over 14 actual bodies
1.40,0.017292,0.161003,0.081890,0.221100,rad,per-cycle geodesic RMS over 14 actual bodies
1.42,0.016929,0.158608,0.081747,0.218606,rad,per-cycle geodesic RMS over 14 actual bodies
1.44,0.016688,0.156587,0.081624,0.216698,rad,per-cycle geodesic RMS over 14 actual bodies
1.46,0.016549,0.154196,0.081497,0.214504,rad,per-cycle geodesic RMS over 14 actual bodies
1.48,0.016464,0.151147,0.081451,0.211639,rad,per-cycle geodesic RMS over 14 actual bodies
1.50,0.016408,0.147639,0.081407,0.208327,rad,per-cycle geodesic RMS over 14 actual bodies
1.52,0.016385,0.144197,0.081312,0.205084,rad,per-cycle geodesic RMS over 14 actual bodies
1.54,0.016394,0.141420,0.081164,0.202397,rad,per-cycle geodesic RMS over 14 actual bodies
1.56,0.016427,0.139699,0.080990,0.200676,rad,per-cycle geodesic RMS over 14 actual bodies
1.58,0.016468,0.139205,0.080815,0.200152,rad,per-cycle geodesic RMS over 14 actual bodies
1.60,0.016498,0.139472,0.080682,0.200417,rad,per-cycle geodesic RMS over 14 actual bodies
1.62,0.016497,0.140046,0.080580,0.201043,rad,per-cycle geodesic RMS over 14 actual bodies
1.64,0.016462,0.140724,0.080473,0.201733,rad,per-cycle geodesic RMS over 14 actual bodies
1.66,0.016393,0.141418,0.080340,0.202376,rad,per-cycle geodesic RMS over 14 actual bodies
1.68,0.016290,0.141982,0.080233,0.202877,rad,per-cycle geodesic RMS over 14 actual bodies
1.70,0.016155,0.142304,0.080199,0.203173,rad,per-cycle geodesic RMS over 14 actual bodies
1.72,0.015991,0.142273,0.080203,0.203152,rad,per-cycle geodesic RMS over 14 actual bodies
1.74,0.015811,0.142012,0.080246,0.202912,rad,per-cycle geodesic RMS over 14 actual bodies
1.76,0.015633,0.141554,0.080332,0.202457,rad,per-cycle geodesic RMS over 14 actual bodies
1.78,0.015465,0.140783,0.080477,0.201743,rad,per-cycle geodesic RMS over 14 actual bodies
1.80,0.015307,0.139721,0.080674,0.200804,rad,per-cycle geodesic RMS over 14 actual bodies
1.82,0.015157,0.138499,0.080896,0.199666,rad,per-cycle geodesic RMS over 14 actual bodies
1.84,0.015015,0.137133,0.081217,0.198486,rad,per-cycle geodesic RMS over 14 actual bodies
1.86,0.014874,0.135667,0.081579,0.197256,rad,per-cycle geodesic RMS over 14 actual bodies
1.88,0.014735,0.134172,0.081968,0.196001,rad,per-cycle geodesic RMS over 14 actual bodies
1.90,0.014605,0.132594,0.082380,0.194688,rad,per-cycle geodesic RMS over 14 actual bodies
1.92,0.014499,0.131047,0.082798,0.193395,rad,per-cycle geodesic RMS over 14 actual bodies
1.94,0.014422,0.129464,0.083215,0.192075,rad,per-cycle geodesic RMS over 14 actual bodies
1.96,0.014371,0.128028,0.083741,0.190867,rad,per-cycle geodesic RMS over 14 actual bodies
1.98,0.014341,0.126407,0.084228,0.189619,rad,per-cycle geodesic RMS over 14 actual bodies
2.00,0.014336,0.124779,0.084567,0.188335,rad,per-cycle geodesic RMS over 14 actual bodies
2.02,0.014385,0.123257,0.085054,0.187188,rad,per-cycle geodesic RMS over 14 actual bodies
2.04,0.014486,0.121840,0.085489,0.186142,rad,per-cycle geodesic RMS over 14 actual bodies
2.06,0.014602,0.120594,0.086011,0.185352,rad,per-cycle geodesic RMS over 14 actual bodies
2.08,0.014699,0.119494,0.086478,0.184746,rad,per-cycle geodesic RMS over 14 actual bodies
2.10,0.014780,0.118612,0.087051,0.184413,rad,per-cycle geodesic RMS over 14 actual bodies
2.12,0.014852,0.117661,0.087546,0.184112,rad,per-cycle geodesic RMS over 14 actual bodies
2.14,0.014910,0.116976,0.088151,0.184055,rad,per-cycle geodesic RMS over 14 actual bodies
2.16,0.014964,0.116319,0.088803,0.184097,rad,per-cycle geodesic RMS over 14 actual bodies
2.18,0.015012,0.115751,0.089418,0.184257,rad,per-cycle geodesic RMS over 14 actual bodies
2.20,0.015055,0.115307,0.089959,0.184532,rad,per-cycle geodesic RMS over 14 actual bodies
2.22,0.015091,0.114906,0.090618,0.184878,rad,per-cycle geodesic RMS over 14 actual bodies
2.24,0.015111,0.114624,0.091256,0.185328,rad,per-cycle geodesic RMS over 14 actual bodies
2.26,0.015111,0.114540,0.091769,0.185930,rad,per-cycle geodesic RMS over 14 actual bodies
2.28,0.015094,0.114629,0.092323,0.186714,rad,per-cycle geodesic RMS over 14 actual bodies
2.30,0.015059,0.114900,0.092707,0.187625,rad,per-cycle geodesic RMS over 14 actual bodies
2.32,0.014999,0.115294,0.093095,0.188619,rad,per-cycle geodesic RMS over 14 actual bodies
2.34,0.014914,0.115955,0.093377,0.189764,rad,per-cycle geodesic RMS over 14 actual bodies
2.36,0.014819,0.116741,0.093592,0.191025,rad,per-cycle geodesic RMS over 14 actual bodies
2.38,0.014724,0.117575,0.093797,0.192331,rad,per-cycle geodesic RMS over 14 actual bodies
2.40,0.014642,0.118379,0.093979,0.193558,rad,per-cycle geodesic RMS over 14 actual bodies
2.42,0.014576,0.119189,0.094144,0.194757,rad,per-cycle geodesic RMS over 14 actual bodies
2.44,0.014526,0.119912,0.094295,0.195817,rad,per-cycle geodesic RMS over 14 actual bodies
2.46,0.014497,0.120579,0.094433,0.196782,rad,per-cycle geodesic RMS over 14 actual bodies
2.48,0.014486,0.121127,0.094557,0.197578,rad,per-cycle geodesic RMS over 14 actual bodies
2.50,0.014495,0.121545,0.094679,0.198202,rad,per-cycle geodesic RMS over 14 actual bodies
2.52,0.014508,0.121860,0.094789,0.198688,rad,per-cycle geodesic RMS over 14 actual bodies
2.54,0.014523,0.122108,0.094873,0.199057,rad,per-cycle geodesic RMS over 14 actual bodies
2.56,0.014553,0.122350,0.094962,0.199304,rad,per-cycle geodesic RMS over 14 actual bodies
2.58,0.014597,0.122388,0.095028,0.199365,rad,per-cycle geodesic RMS over 14 actual bodies
2.60,0.014648,0.122364,0.095033,0.199369,rad,per-cycle geodesic RMS over 14 actual bodies
2.62,0.014721,0.122318,0.095067,0.199200,rad,per-cycle geodesic RMS over 14 actual bodies
2.64,0.014827,0.122151,0.095115,0.199055,rad,per-cycle geodesic RMS over 14 actual bodies
2.66,0.014946,0.122120,0.095170,0.198916,rad,per-cycle geodesic RMS over 14 actual bodies
2.68,0.015061,0.122120,0.095204,0.198916,rad,per-cycle geodesic RMS over 14 actual bodies
2.70,0.015167,0.122184,0.095204,0.198904,rad,per-cycle geodesic RMS over 14 actual bodies
2.72,0.015274,0.122402,0.095159,0.199049,rad,per-cycle geodesic RMS over 14 actual bodies
2.74,0.015381,0.122405,0.095111,0.199116,rad,per-cycle geodesic RMS over 14 actual bodies
2.76,0.015481,0.122469,0.095057,0.199144,rad,per-cycle geodesic RMS over 14 actual bodies
2.78,0.015565,0.122659,0.094965,0.199120,rad,per-cycle geodesic RMS over 14 actual bodies
2.80,0.015632,0.122732,0.094891,0.199050,rad,per-cycle geodesic RMS over 14 actual bodies
2.82,0.015680,0.122707,0.094837,0.198969,rad,per-cycle geodesic RMS over 14 actual bodies
2.84,0.015706,0.122658,0.094790,0.198816,rad,per-cycle geodesic RMS over 14 actual bodies
2.86,0.015704,0.122489,0.094732,0.198728,rad,per-cycle geodesic RMS over 14 actual bodies
2.88,0.015675,0.122608,0.094689,0.198586,rad,per-cycle geodesic RMS over 14 actual bodies
2.90,0.015623,0.122513,0.094627,0.198388,rad,per-cycle geodesic RMS over 14 actual bodies
2.92,0.015552,0.122359,0.094543,0.198173,rad,per-cycle geodesic RMS over 14 actual bodies
2.94,0.015467,0.122286,0.094458,0.197991,rad,per-cycle geodesic RMS over 14 actual bodies
2.96,0.015379,0.122268,0.094402,0.197899,rad,per-cycle geodesic RMS over 14 actual bodies
2.98,0.015292,0.122221,0.094394,0.197831,rad,per-cycle geodesic RMS over 14 actual bodies
3.00,0.015200,0.122120,0.094443,0.197751,rad,per-cycle geodesic RMS over 14 actual bodies
3.02,0.015123,0.121984,0.094563,0.197676,rad,per-cycle geodesic RMS over 14 actual bodies
3.04,0.015059,0.121818,0.094752,0.197618,rad,per-cycle geodesic RMS over 14 actual bodies
3.06,0.014991,0.121617,0.094995,0.197572,rad,per-cycle geodesic RMS over 14 actual bodies
3.08,0.014912,0.121390,0.095275,0.197545,rad,per-cycle geodesic RMS over 14 actual bodies
3.10,0.014837,0.121162,0.095575,0.197545,rad,per-cycle geodesic RMS over 14 actual bodies
3.12,0.014781,0.120945,0.095888,0.197563,rad,per-cycle geodesic RMS over 14 actual bodies
3.14,0.014751,0.120721,0.096270,0.197587,rad,per-cycle geodesic RMS over 14 actual bodies
3.16,0.014739,0.120523,0.096586,0.197625,rad,per-cycle geodesic RMS over 14 actual bodies
3.18,0.014724,0.120259,0.096865,0.197670,rad,per-cycle geodesic RMS over 14 actual bodies
3.20,0.014696,0.120007,0.097238,0.197706,rad,per-cycle geodesic RMS over 14 actual bodies
3.22,0.014689,0.119845,0.097528,0.197793,rad,per-cycle geodesic RMS over 14 actual bodies
3.24,0.014719,0.119647,0.097832,0.197912,rad,per-cycle geodesic RMS over 14 actual bodies
3.26,0.014766,0.119556,0.098267,0.198108,rad,per-cycle geodesic RMS over 14 actual bodies
3.28,0.014816,0.119388,0.098546,0.198370,rad,per-cycle geodesic RMS over 14 actual bodies
3.30,0.014870,0.119241,0.098834,0.198629,rad,per-cycle geodesic RMS over 14 actual bodies
3.32,0.014927,0.119105,0.099213,0.198768,rad,per-cycle geodesic RMS over 14 actual bodies
3.34,0.014976,0.119151,0.099412,0.198837,rad,per-cycle geodesic RMS over 14 actual bodies
3.36,0.015025,0.119173,0.099618,0.199027,rad,per-cycle geodesic RMS over 14 actual bodies
3.38,0.015078,0.119223,0.099822,0.199301,rad,per-cycle geodesic RMS over 14 actual bodies
3.40,0.015129,0.119493,0.100017,0.199647,rad,per-cycle geodesic RMS over 14 actual bodies
3.42,0.015165,0.119655,0.100191,0.199994,rad,per-cycle geodesic RMS over 14 actual bodies
3.44,0.015183,0.119908,0.100335,0.200400,rad,per-cycle geodesic RMS over 14 actual bodies
3.46,0.015213,0.120125,0.100464,0.200814,rad,per-cycle geodesic RMS over 14 actual bodies
3.48,0.015266,0.120371,0.100590,0.201098,rad,per-cycle geodesic RMS over 14 actual bodies
3.50,0.015328,0.120532,0.100718,0.201344,rad,per-cycle geodesic RMS over 14 actual bodies
3.52,0.015366,0.120722,0.100833,0.201627,rad,per-cycle geodesic RMS over 14 actual bodies
3.54,0.015373,0.121199,0.100923,0.202065,rad,per-cycle geodesic RMS over 14 actual bodies
3.56,0.015364,0.121718,0.100989,0.202561,rad,per-cycle geodesic RMS over 14 actual bodies
3.58,0.015355,0.122056,0.101037,0.203057,rad,per-cycle geodesic RMS over 14 actual bodies
3.60,0.015365,0.122696,0.101077,0.203687,rad,per-cycle geodesic RMS over 14 actual bodies
3.62,0.015410,0.123248,0.101113,0.204232,rad,per-cycle geodesic RMS over 14 actual bodies
3.64,0.015493,0.123752,0.101143,0.204785,rad,per-cycle geodesic RMS over 14 actual bodies
3.66,0.015586,0.124190,0.101167,0.205270,rad,per-cycle geodesic RMS over 14 actual bodies
3.68,0.015671,0.124546,0.101187,0.205640,rad,per-cycle geodesic RMS over 14 actual bodies
3.70,0.015753,0.124864,0.101199,0.206001,rad,per-cycle geodesic RMS over 14 actual bodies
3.72,0.015842,0.125057,0.101202,0.206182,rad,per-cycle geodesic RMS over 14 actual bodies
3.74,0.015936,0.125219,0.101193,0.206371,rad,per-cycle geodesic RMS over 14 actual bodies
3.76,0.016029,0.125297,0.101175,0.206403,rad,per-cycle geodesic RMS over 14 actual bodies
3.78,0.016127,0.125430,0.101160,0.206496,rad,per-cycle geodesic RMS over 14 actual bodies
3.80,0.016230,0.125613,0.101163,0.206637,rad,per-cycle geodesic RMS over 14 actual bodies
3.82,0.016338,0.125812,0.101188,0.206795,rad,per-cycle geodesic RMS over 14 actual bodies
3.84,0.016439,0.126150,0.101293,0.207100,rad,per-cycle geodesic RMS over 14 actual bodies
3.86,0.016542,0.126289,0.101361,0.207323,rad,per-cycle geodesic RMS over 14 actual bodies
3.88,0.016667,0.126437,0.101452,0.207620,rad,per-cycle geodesic RMS over 14 actual bodies
3.90,0.016817,0.126493,0.101652,0.207746,rad,per-cycle geodesic RMS over 14 actual bodies
3.92,0.017035,0.126312,0.101862,0.207792,rad,per-cycle geodesic RMS over 14 actual bodies
3.94,0.017320,0.126085,0.102205,0.207798,rad,per-cycle geodesic RMS over 14 actual bodies
3.96,0.017666,0.125721,0.102594,0.207811,rad,per-cycle geodesic RMS over 14 actual bodies
3.98,0.018175,0.125305,0.102987,0.207856,rad,per-cycle geodesic RMS over 14 actual bodies
4.00,0.018772,0.124842,0.103360,0.207924,rad,per-cycle geodesic RMS over 14 actual bodies
4.02,0.019855,0.124250,0.103882,0.208033,rad,per-cycle geodesic RMS over 14 actual bodies
4.04,0.021523,0.123350,0.104735,0.208199,rad,per-cycle geodesic RMS over 14 actual bodies
4.06,0.023426,0.121812,0.106215,0.208404,rad,per-cycle geodesic RMS over 14 actual bodies
4.08,0.025882,0.119785,0.108188,0.208630,rad,per-cycle geodesic RMS over 14 actual bodies
4.10,0.028473,0.117493,0.110394,0.208740,rad,per-cycle geodesic RMS over 14 actual bodies
4.12,0.032050,0.115472,0.111586,0.207774,rad,per-cycle geodesic RMS over 14 actual bodies
4.14,0.036640,0.113757,0.112038,0.204985,rad,per-cycle geodesic RMS over 14 actual bodies
4.16,0.041335,0.113051,0.112136,0.201165,rad,per-cycle geodesic RMS over 14 actual bodies
4.18,0.047638,0.113738,0.112707,0.197688,rad,per-cycle geodesic RMS over 14 actual bodies
4.20,0.053869,0.115704,0.114090,0.195788,rad,per-cycle geodesic RMS over 14 actual bodies
4.22,0.059233,0.118816,0.114865,0.196000,rad,per-cycle geodesic RMS over 14 actual bodies
4.24,0.060712,0.122504,0.113899,0.197033,rad,per-cycle geodesic RMS over 14 actual bodies
4.26,0.059378,0.126221,0.110386,0.197142,rad,per-cycle geodesic RMS over 14 actual bodies
4.28,0.056853,0.128031,0.106287,0.195017,rad,per-cycle geodesic RMS over 14 actual bodies
4.30,0.055652,0.126077,0.104246,0.191171,rad,per-cycle geodesic RMS over 14 actual bodies
4.32,0.053310,0.121922,0.103033,0.189233,rad,per-cycle geodesic RMS over 14 actual bodies
4.34,0.050538,0.117799,0.101818,0.187114,rad,per-cycle geodesic RMS over 14 actual bodies
4.36,0.051368,0.115340,0.101007,0.184234,rad,per-cycle geodesic RMS over 14 actual bodies
4.38,0.052530,0.114561,0.100421,0.181208,rad,per-cycle geodesic RMS over 14 actual bodies
4.40,0.053150,0.114170,0.099818,0.178112,rad,per-cycle geodesic RMS over 14 actual bodies
4.42,0.053623,0.113329,0.099042,0.174888,rad,per-cycle geodesic RMS over 14 actual bodies
4.44,0.054744,0.112016,0.098155,0.171717,rad,per-cycle geodesic RMS over 14 actual bodies
4.46,0.056062,0.110602,0.097073,0.168548,rad,per-cycle geodesic RMS over 14 actual bodies
4.48,0.058508,0.109909,0.096104,0.165221,rad,per-cycle geodesic RMS over 14 actual bodies
4.50,0.061666,0.110427,0.095674,0.161886,rad,per-cycle geodesic RMS over 14 actual bodies
4.52,0.065822,0.112288,0.096512,0.158710,rad,per-cycle geodesic RMS over 14 actual bodies
4.54,0.068361,0.114361,0.099769,0.156169,rad,per-cycle geodesic RMS over 14 actual bodies
4.56,0.071373,0.117683,0.104842,0.155535,rad,per-cycle geodesic RMS over 14 actual bodies
4.58,0.074565,0.119795,0.111130,0.156414,rad,per-cycle geodesic RMS over 14 actual bodies
4.60,0.076628,0.120450,0.117589,0.159473,rad,per-cycle geodesic RMS over 14 actual bodies
4.62,0.076155,0.119282,0.123632,0.163112,rad,per-cycle geodesic RMS over 14 actual bodies
4.64,0.073628,0.115762,0.127741,0.166266,rad,per-cycle geodesic RMS over 14 actual bodies
4.66,0.070386,0.111772,0.128774,0.167792,rad,per-cycle geodesic RMS over 14 actual bodies
4.68,0.066592,0.106616,0.126187,0.167298,rad,per-cycle geodesic RMS over 14 actual bodies
4.70,0.060667,0.100163,0.121819,0.164929,rad,per-cycle geodesic RMS over 14 actual bodies
4.72,0.049876,0.092602,0.118593,0.161997,rad,per-cycle geodesic RMS over 14 actual bodies
4.74,0.038013,0.085709,0.116716,0.160842,rad,per-cycle geodesic RMS over 14 actual bodies
4.76,0.032382,0.082385,0.114810,0.161552,rad,per-cycle geodesic RMS over 14 actual bodies
4.78,0.031757,0.082052,0.112179,0.162563,rad,per-cycle geodesic RMS over 14 actual bodies
4.80,0.031791,0.082998,0.109418,0.162735,rad,per-cycle geodesic RMS over 14 actual bodies
4.82,0.031785,0.084647,0.106821,0.162591,rad,per-cycle geodesic RMS over 14 actual bodies
4.84,0.033017,0.086434,0.104434,0.162550,rad,per-cycle geodesic RMS over 14 actual bodies
4.86,0.035514,0.087878,0.102460,0.162327,rad,per-cycle geodesic RMS over 14 actual bodies
4.88,0.038973,0.089276,0.100815,0.161827,rad,per-cycle geodesic RMS over 14 actual bodies
4.90,0.042562,0.090777,0.099195,0.160981,rad,per-cycle geodesic RMS over 14 actual bodies
4.92,0.046205,0.092399,0.097697,0.159533,rad,per-cycle geodesic RMS over 14 actual bodies
4.94,0.050795,0.094617,0.096456,0.157517,rad,per-cycle geodesic RMS over 14 actual bodies
4.96,0.054815,0.097441,0.094846,0.155206,rad,per-cycle geodesic RMS over 14 actual bodies
4.98,0.057853,0.100425,0.092918,0.152390,rad,per-cycle geodesic RMS over 14 actual bodies
5.00,0.060707,0.103345,0.091416,0.148927,rad,per-cycle geodesic RMS over 14 actual bodies
5.02,0.063129,0.106281,0.091193,0.145378,rad,per-cycle geodesic RMS over 14 actual bodies
5.04,0.064887,0.109670,0.093163,0.142377,rad,per-cycle geodesic RMS over 14 actual bodies
5.06,0.066013,0.112832,0.097710,0.140494,rad,per-cycle geodesic RMS over 14 actual bodies
5.08,0.066913,0.115244,0.104130,0.140249,rad,per-cycle geodesic RMS over 14 actual bodies
5.10,0.067571,0.117144,0.111585,0.141711,rad,per-cycle geodesic RMS over 14 actual bodies
5.12,0.068313,0.117900,0.116873,0.144616,rad,per-cycle geodesic RMS over 14 actual bodies
5.14,0.069150,0.118376,0.123270,0.148882,rad,per-cycle geodesic RMS over 14 actual bodies
5.16,0.069997,0.120329,0.133156,0.154834,rad,per-cycle geodesic RMS over 14 actual bodies
5.18,0.071048,0.122242,0.144118,0.161711,rad,per-cycle geodesic RMS over 14 actual bodies
5.20,0.072108,0.120175,0.155138,0.168086,rad,per-cycle geodesic RMS over 14 actual bodies
5.22,0.077756,0.115106,0.164656,0.176415,rad,per-cycle geodesic RMS over 14 actual bodies
5.24,0.081767,0.108254,0.171040,0.182158,rad,per-cycle geodesic RMS over 14 actual bodies
5.26,0.081557,0.102704,0.173114,0.181443,rad,per-cycle geodesic RMS over 14 actual bodies
5.28,0.074981,0.099321,0.169388,0.175274,rad,per-cycle geodesic RMS over 14 actual bodies
5.30,0.067061,0.097761,0.158568,0.164265,rad,per-cycle geodesic RMS over 14 actual bodies
5.32,0.059465,0.097375,0.147009,0.150905,rad,per-cycle geodesic RMS over 14 actual bodies
5.34,0.053323,0.096184,0.137582,0.139026,rad,per-cycle geodesic RMS over 14 actual bodies
5.36,0.046750,0.092040,0.129968,0.129811,rad,per-cycle geodesic RMS over 14 actual bodies
5.38,0.039306,0.084582,0.122691,0.122484,rad,per-cycle geodesic RMS over 14 actual bodies
5.40,0.034360,0.078920,0.114792,0.116657,rad,per-cycle geodesic RMS over 14 actual bodies
5.42,0.044196,0.082466,0.107287,0.113846,rad,per-cycle geodesic RMS over 14 actual bodies
5.44,0.055813,0.091211,0.100186,0.111707,rad,per-cycle geodesic RMS over 14 actual bodies
5.46,0.060949,0.093778,0.092623,0.106298,rad,per-cycle geodesic RMS over 14 actual bodies
5.48,0.063682,0.093244,0.083840,0.098576,rad,per-cycle geodesic RMS over 14 actual bodies
5.50,0.067496,0.094054,0.074846,0.091336,rad,per-cycle geodesic RMS over 14 actual bodies
5.52,0.074658,0.099334,0.072151,0.087339,rad,per-cycle geodesic RMS over 14 actual bodies
5.54,0.079985,0.109350,0.078612,0.090080,rad,per-cycle geodesic RMS over 14 actual bodies
5.56,0.082639,0.116677,0.096159,0.098833,rad,per-cycle geodesic RMS over 14 actual bodies
5.58,0.082788,0.115394,0.117605,0.114473,rad,per-cycle geodesic RMS over 14 actual bodies
5.60,0.080467,0.108829,0.133013,0.131939,rad,per-cycle geodesic RMS over 14 actual bodies
5.62,0.077903,0.101901,0.138487,0.142518,rad,per-cycle geodesic RMS over 14 actual bodies
5.64,0.075591,0.096086,0.136589,0.142915,rad,per-cycle geodesic RMS over 14 actual bodies
5.66,0.074022,0.092599,0.133395,0.136399,rad,per-cycle geodesic RMS over 14 actual bodies
5.68,0.075157,0.093106,0.131504,0.129292,rad,per-cycle geodesic RMS over 14 actual bodies
5.70,0.079819,0.097554,0.129390,0.124235,rad,per-cycle geodesic RMS over 14 actual bodies
5.72,0.085152,0.104666,0.128085,0.119313,rad,per-cycle geodesic RMS over 14 actual bodies
5.74,0.088141,0.111763,0.129793,0.114885,rad,per-cycle geodesic RMS over 14 actual bodies
5.76,0.088349,0.115186,0.134203,0.113213,rad,per-cycle geodesic RMS over 14 actual bodies
5.78,0.086989,0.113918,0.138599,0.114703,rad,per-cycle geodesic RMS over 14 actual bodies
5.80,0.084969,0.109780,0.140498,0.116993,rad,per-cycle geodesic RMS over 14 actual bodies
5.82,0.081317,0.103589,0.138135,0.117152,rad,per-cycle geodesic RMS over 14 actual bodies
5.84,0.076213,0.095646,0.129917,0.113183,rad,per-cycle geodesic RMS over 14 actual bodies
5.86,0.069639,0.088012,0.117812,0.103669,rad,per-cycle geodesic RMS over 14 actual bodies
5.88,0.061836,0.081399,0.107344,0.091780,rad,per-cycle geodesic RMS over 14 actual bodies
5.90,0.056221,0.076178,0.100690,0.083483,rad,per-cycle geodesic RMS over 14 actual bodies
5.92,0.053524,0.073130,0.097996,0.080303,rad,per-cycle geodesic RMS over 14 actual bodies
5.94,0.052126,0.071693,0.097823,0.080772,rad,per-cycle geodesic RMS over 14 actual bodies
5.96,0.051577,0.071595,0.099847,0.083416,rad,per-cycle geodesic RMS over 14 actual bodies
5.98,0.051365,0.072063,0.103439,0.087272,rad,per-cycle geodesic RMS over 14 actual bodies
6.00,0.051596,0.073157,0.108905,0.092027,rad,per-cycle geodesic RMS over 14 actual bodies
6.02,0.053128,0.075567,0.115844,0.097854,rad,per-cycle geodesic RMS over 14 actual bodies
6.04,0.055852,0.079198,0.124675,0.103862,rad,per-cycle geodesic RMS over 14 actual bodies
6.06,0.059157,0.084466,0.135685,0.110752,rad,per-cycle geodesic RMS over 14 actual bodies
6.08,0.062936,0.093306,0.150523,0.118110,rad,per-cycle geodesic RMS over 14 actual bodies
6.10,0.066898,0.106457,0.169789,0.126047,rad,per-cycle geodesic RMS over 14 actual bodies
6.12,0.069896,0.117736,0.188926,0.135309,rad,per-cycle geodesic RMS over 14 actual bodies
6.14,0.072361,0.092131,0.174868,0.145963,rad,per-cycle geodesic RMS over 14 actual bodies
6.16,0.074160,0.074240,0.156941,0.158269,rad,per-cycle geodesic RMS over 14 actual bodies
6.18,0.076121,0.077147,0.135528,0.169736,rad,per-cycle geodesic RMS over 14 actual bodies
6.20,0.078870,0.086122,0.118254,0.159503,rad,per-cycle geodesic RMS over 14 actual bodies
6.22,0.082790,0.096568,0.113313,0.144851,rad,per-cycle geodesic RMS over 14 actual bodies
6.24,0.081724,0.105515,0.122897,0.136023,rad,per-cycle geodesic RMS over 14 actual bodies
6.26,0.070665,0.109128,0.137432,0.132755,rad,per-cycle geodesic RMS over 14 actual bodies
6.28,0.069664,0.109183,0.155733,0.138439,rad,per-cycle geodesic RMS over 14 actual bodies
6.30,0.074851,0.107876,0.175570,0.151600,rad,per-cycle geodesic RMS over 14 actual bodies
6.32,0.078858,0.105374,0.195753,0.168646,rad,per-cycle geodesic RMS over 14 actual bodies
6.34,0.080319,0.102936,0.214886,0.185964,rad,per-cycle geodesic RMS over 14 actual bodies
6.36,0.079808,0.099606,0.230870,0.201068,rad,per-cycle geodesic RMS over 14 actual bodies
6.38,0.076990,0.093076,0.240977,0.214691,rad,per-cycle geodesic RMS over 14 actual bodies
6.40,0.071354,0.084874,0.243016,0.224670,rad,per-cycle geodesic RMS over 14 actual bodies
6.42,0.061530,0.072882,0.234726,0.226201,rad,per-cycle geodesic RMS over 14 actual bodies
6.44,0.054298,0.059380,0.214743,0.216631,rad,per-cycle geodesic RMS over 14 actual bodies
6.46,0.053524,0.052471,0.189352,0.195673,rad,per-cycle geodesic RMS over 14 actual bodies
6.48,0.053564,0.056029,0.165746,0.171811,rad,per-cycle geodesic RMS over 14 actual bodies
6.50,0.050913,0.061356,0.145778,0.152788,rad,per-cycle geodesic RMS over 14 actual bodies
6.52,0.046157,0.056906,0.129845,0.137819,rad,per-cycle geodesic RMS over 14 actual bodies
6.54,0.040533,0.048098,0.116798,0.124234,rad,per-cycle geodesic RMS over 14 actual bodies
6.56,0.042752,0.044334,0.109953,0.112873,rad,per-cycle geodesic RMS over 14 actual bodies
6.58,0.049975,0.048651,0.105818,0.106801,rad,per-cycle geodesic RMS over 14 actual bodies
6.60,0.056139,0.058985,0.099773,0.103075,rad,per-cycle geodesic RMS over 14 actual bodies
6.62,0.056542,0.067205,0.091036,0.097359,rad,per-cycle geodesic RMS over 14 actual bodies
6.64,0.056888,0.071133,0.084578,0.085434,rad,per-cycle geodesic RMS over 14 actual bodies
6.66,0.057779,0.071533,0.087238,0.075918,rad,per-cycle geodesic RMS over 14 actual bodies
6.68,0.057078,0.069619,0.097869,0.077787,rad,per-cycle geodesic RMS over 14 actual bodies
6.70,0.054731,0.068270,0.109821,0.087624,rad,per-cycle geodesic RMS over 14 actual bodies
6.72,0.054973,0.068950,0.120423,0.098035,rad,per-cycle geodesic RMS over 14 actual bodies
6.74,0.056651,0.070534,0.128652,0.106685,rad,per-cycle geodesic RMS over 14 actual bodies
6.76,0.058096,0.071511,0.133781,0.113203,rad,per-cycle geodesic RMS over 14 actual bodies
6.78,0.060172,0.071951,0.135869,0.117507,rad,per-cycle geodesic RMS over 14 actual bodies
6.80,0.063541,0.071576,0.137421,0.119374,rad,per-cycle geodesic RMS over 14 actual bodies
6.82,0.067401,0.073127,0.140034,0.119503,rad,per-cycle geodesic RMS over 14 actual bodies
6.84,0.070672,0.076966,0.141994,0.119026,rad,per-cycle geodesic RMS over 14 actual bodies
6.86,0.070799,0.078896,0.143432,0.118547,rad,per-cycle geodesic RMS over 14 actual bodies
6.88,0.071067,0.075406,0.142292,0.119994,rad,per-cycle geodesic RMS over 14 actual bodies
6.90,0.071184,0.068166,0.137456,0.119052,rad,per-cycle geodesic RMS over 14 actual bodies
6.92,0.066455,0.059314,0.128659,0.112022,rad,per-cycle geodesic RMS over 14 actual bodies
6.94,0.066126,0.049791,0.116923,0.107033,rad,per-cycle geodesic RMS over 14 actual bodies
6.96,0.067105,0.041979,0.105115,0.103939,rad,per-cycle geodesic RMS over 14 actual bodies
6.98,0.067998,0.037257,0.094983,0.102180,rad,per-cycle geodesic RMS over 14 actual bodies
7.00,0.068826,0.035164,0.086491,0.100625,rad,per-cycle geodesic RMS over 14 actual bodies
7.02,0.069967,0.035115,0.078595,0.098408,rad,per-cycle geodesic RMS over 14 actual bodies
7.04,0.072634,0.037413,0.070990,0.095209,rad,per-cycle geodesic RMS over 14 actual bodies
7.06,0.076236,0.040538,0.064015,0.091770,rad,per-cycle geodesic RMS over 14 actual bodies
7.08,0.079033,0.043302,0.058160,0.088161,rad,per-cycle geodesic RMS over 14 actual bodies
7.10,0.080572,0.045774,0.053450,0.083988,rad,per-cycle geodesic RMS over 14 actual bodies
7.12,0.081105,0.048479,0.049967,0.079061,rad,per-cycle geodesic RMS over 14 actual bodies
7.14,0.081345,0.051667,0.047625,0.073898,rad,per-cycle geodesic RMS over 14 actual bodies
7.16,0.081808,0.054950,0.046062,0.069224,rad,per-cycle geodesic RMS over 14 actual bodies
7.18,0.082542,0.058118,0.045256,0.065348,rad,per-cycle geodesic RMS over 14 actual bodies
7.20,0.083620,0.061280,0.045177,0.062361,rad,per-cycle geodesic RMS over 14 actual bodies
7.22,0.085310,0.064664,0.045863,0.060171,rad,per-cycle geodesic RMS over 14 actual bodies
7.24,0.087846,0.068493,0.047273,0.058660,rad,per-cycle geodesic RMS over 14 actual bodies
7.26,0.091012,0.072639,0.049050,0.057723,rad,per-cycle geodesic RMS over 14 actual bodies
7.28,0.094380,0.076871,0.050968,0.057200,rad,per-cycle geodesic RMS over 14 actual bodies
7.30,0.097309,0.080674,0.052878,0.057016,rad,per-cycle geodesic RMS over 14 actual bodies
7.32,0.098896,0.083731,0.054525,0.056979,rad,per-cycle geodesic RMS over 14 actual bodies
7.34,0.098694,0.086240,0.056152,0.056791,rad,per-cycle geodesic RMS over 14 actual bodies
7.36,0.097015,0.088074,0.058782,0.056141,rad,per-cycle geodesic RMS over 14 actual bodies
7.38,0.093551,0.088825,0.062827,0.055519,rad,per-cycle geodesic RMS over 14 actual bodies
7.40,0.088712,0.088072,0.068616,0.055445,rad,per-cycle geodesic RMS over 14 actual bodies
7.42,0.083828,0.078689,0.068191,0.056242,rad,per-cycle geodesic RMS over 14 actual bodies
7.44,0.078615,0.075290,0.064640,0.057906,rad,per-cycle geodesic RMS over 14 actual bodies
7.46,0.069157,0.075070,0.056429,0.059177,rad,per-cycle geodesic RMS over 14 actual bodies
7.48,0.064386,0.076059,0.046469,0.057197,rad,per-cycle geodesic RMS over 14 actual bodies
7.50,0.066188,0.078782,0.044039,0.055035,rad,per-cycle geodesic RMS over 14 actual bodies
7.52,0.063715,0.075684,0.045245,0.053856,rad,per-cycle geodesic RMS over 14 actual bodies
7.54,0.060831,0.067369,0.048288,0.055441,rad,per-cycle geodesic RMS over 14 actual bodies
7.56,0.059737,0.058679,0.050418,0.061130,rad,per-cycle geodesic RMS over 14 actual bodies
7.58,0.058175,0.050802,0.050494,0.066155,rad,per-cycle geodesic RMS over 14 actual bodies
7.60,0.056641,0.042359,0.049609,0.068566,rad,per-cycle geodesic RMS over 14 actual bodies
7.62,0.053973,0.037901,0.050494,0.070101,rad,per-cycle geodesic RMS over 14 actual bodies
7.64,0.051352,0.038757,0.052262,0.073235,rad,per-cycle geodesic RMS over 14 actual bodies
7.66,0.048927,0.042666,0.053021,0.076836,rad,per-cycle geodesic RMS over 14 actual bodies
7.68,0.043951,0.046464,0.052670,0.077479,rad,per-cycle geodesic RMS over 14 actual bodies
7.70,0.040702,0.049627,0.051519,0.075583,rad,per-cycle geodesic RMS over 14 actual bodies
7.72,0.041518,0.052555,0.049899,0.072912,rad,per-cycle geodesic RMS over 14 actual bodies
7.74,0.044228,0.054431,0.047868,0.070090,rad,per-cycle geodesic RMS over 14 actual bodies
7.76,0.046578,0.054893,0.045553,0.066822,rad,per-cycle geodesic RMS over 14 actual bodies
7.78,0.048489,0.054729,0.043484,0.063440,rad,per-cycle geodesic RMS over 14 actual bodies
7.80,0.050153,0.055725,0.042533,0.060559,rad,per-cycle geodesic RMS over 14 actual bodies
7.82,0.051897,0.057845,0.043400,0.059079,rad,per-cycle geodesic RMS over 14 actual bodies
7.84,0.053297,0.060100,0.046472,0.059178,rad,per-cycle geodesic RMS over 14 actual bodies
7.86,0.054133,0.062434,0.051432,0.060644,rad,per-cycle geodesic RMS over 14 actual bodies
7.88,0.054668,0.065103,0.057622,0.063002,rad,per-cycle geodesic RMS over 14 actual bodies
7.90,0.055867,0.068482,0.064328,0.065661,rad,per-cycle geodesic RMS over 14 actual bodies
7.92,0.057680,0.071396,0.071408,0.068170,rad,per-cycle geodesic RMS over 14 actual bodies
7.94,0.058782,0.072506,0.079550,0.070590,rad,per-cycle geodesic RMS over 14 actual bodies
7.96,0.058640,0.072115,0.088684,0.073591,rad,per-cycle geodesic RMS over 14 actual bodies
7.98,0.057471,0.071165,0.096829,0.076900,rad,per-cycle geodesic RMS over 14 actual bodies
8.00,0.055639,0.069934,0.101287,0.078597,rad,per-cycle geodesic RMS over 14 actual bodies
8.02,0.053215,0.067447,0.099718,0.076614,rad,per-cycle geodesic RMS over 14 actual bodies
8.04,0.050436,0.063313,0.092130,0.069910,rad,per-cycle geodesic RMS over 14 actual bodies
8.06,0.047979,0.058932,0.082727,0.060822,rad,per-cycle geodesic RMS over 14 actual bodies
8.08,0.046858,0.055292,0.074612,0.053065,rad,per-cycle geodesic RMS over 14 actual bodies
8.10,0.047182,0.052950,0.068224,0.048560,rad,per-cycle geodesic RMS over 14 actual bodies
8.12,0.047574,0.051938,0.063253,0.046256,rad,per-cycle geodesic RMS over 14 actual bodies
8.14,0.047227,0.052005,0.059559,0.044821,rad,per-cycle geodesic RMS over 14 actual bodies
8.16,0.046199,0.053591,0.056857,0.043723,rad,per-cycle geodesic RMS over 14 actual bodies
8.18,0.044899,0.056747,0.055212,0.042662,rad,per-cycle geodesic RMS over 14 actual bodies
8.20,0.043882,0.061096,0.054679,0.041396,rad,per-cycle geodesic RMS over 14 actual bodies
8.22,0.043432,0.066534,0.055316,0.039922,rad,per-cycle geodesic RMS over 14 actual bodies
8.24,0.044288,0.073293,0.056982,0.038503,rad,per-cycle geodesic RMS over 14 actual bodies
8.26,0.047092,0.081533,0.059527,0.037426,rad,per-cycle geodesic RMS over 14 actual bodies
8.28,0.052108,0.091210,0.062776,0.036719,rad,per-cycle geodesic RMS over 14 actual bodies
8.30,0.058609,0.101559,0.066585,0.036380,rad,per-cycle geodesic RMS over 14 actual bodies
8.32,0.065775,0.111874,0.071316,0.036300,rad,per-cycle geodesic RMS over 14 actual bodies
8.34,0.073724,0.121244,0.075736,0.036428,rad,per-cycle geodesic RMS over 14 actual bodies
8.36,0.080613,0.129977,0.079947,0.036837,rad,per-cycle geodesic RMS over 14 actual bodies
8.38,0.085883,0.138186,0.084280,0.037788,rad,per-cycle geodesic RMS over 14 actual bodies
8.40,0.089090,0.145639,0.088608,0.039853,rad,per-cycle geodesic RMS over 14 actual bodies
8.42,0.091299,0.153847,0.095834,0.043316,rad,per-cycle geodesic RMS over 14 actual bodies
8.44,0.093170,0.164798,0.108049,0.050028,rad,per-cycle geodesic RMS over 14 actual bodies
8.46,0.095863,0.178113,0.123819,0.060331,rad,per-cycle geodesic RMS over 14 actual bodies
8.48,0.101211,0.174467,0.127732,0.073038,rad,per-cycle geodesic RMS over 14 actual bodies
8.50,0.110912,0.150340,0.130633,0.086891,rad,per-cycle geodesic RMS over 14 actual bodies
8.52,0.094270,0.134644,0.141080,0.101440,rad,per-cycle geodesic RMS over 14 actual bodies
8.54,0.081319,0.130778,0.161246,0.116522,rad,per-cycle geodesic RMS over 14 actual bodies
8.56,0.077760,0.138582,0.188526,0.132621,rad,per-cycle geodesic RMS over 14 actual bodies
8.58,0.079453,0.151406,0.217607,0.150103,rad,per-cycle geodesic RMS over 14 actual bodies
8.60,0.081493,0.156132,0.242784,0.168110,rad,per-cycle geodesic RMS over 14 actual bodies
8.62,0.078748,0.150658,0.259676,0.187146,rad,per-cycle geodesic RMS over 14 actual bodies
8.64,0.072800,0.133677,0.265941,0.203664,rad,per-cycle geodesic RMS over 14 actual bodies
8.66,0.066105,0.111156,0.261314,0.214553,rad,per-cycle geodesic RMS over 14 actual bodies
8.68,0.062628,0.090708,0.247749,0.218234,rad,per-cycle geodesic RMS over 14 actual bodies
8.70,0.059931,0.077033,0.225972,0.213519,rad,per-cycle geodesic RMS over 14 actual bodies
8.72,0.053327,0.066715,0.199325,0.197782,rad,per-cycle geodesic RMS over 14 actual bodies
8.74,0.043629,0.057211,0.176192,0.174811,rad,per-cycle geodesic RMS over 14 actual bodies
8.76,0.040630,0.052274,0.156514,0.154669,rad,per-cycle geodesic RMS over 14 actual bodies
8.78,0.038864,0.050701,0.139747,0.138576,rad,per-cycle geodesic RMS over 14 actual bodies
8.80,0.040026,0.049011,0.123139,0.125341,rad,per-cycle geodesic RMS over 14 actual bodies
8.82,0.042035,0.050558,0.111152,0.111976,rad,per-cycle geodesic RMS over 14 actual bodies
8.84,0.046777,0.052309,0.102964,0.098704,rad,per-cycle geodesic RMS over 14 actual bodies
8.86,0.050721,0.057225,0.093664,0.089680,rad,per-cycle geodesic RMS over 14 actual bodies
8.88,0.050609,0.062244,0.082284,0.081847,rad,per-cycle geodesic RMS over 14 actual bodies
8.90,0.049318,0.065194,0.072419,0.072011,rad,per-cycle geodesic RMS over 14 actual bodies
8.92,0.047236,0.066236,0.065303,0.063583,rad,per-cycle geodesic RMS over 14 actual bodies
8.94,0.047315,0.067439,0.063141,0.057698,rad,per-cycle geodesic RMS over 14 actual bodies
8.96,0.047415,0.069214,0.065694,0.055880,rad,per-cycle geodesic RMS over 14 actual bodies
8.98,0.047235,0.070225,0.070379,0.057406,rad,per-cycle geodesic RMS over 14 actual bodies
9.00,0.047528,0.070571,0.075153,0.060553,rad,per-cycle geodesic RMS over 14 actual bodies
9.02,0.048721,0.071170,0.078966,0.064375,rad,per-cycle geodesic RMS over 14 actual bodies
9.04,0.050776,0.072539,0.081658,0.067600,rad,per-cycle geodesic RMS over 14 actual bodies
9.06,0.053733,0.075023,0.083785,0.069565,rad,per-cycle geodesic RMS over 14 actual bodies
9.08,0.057685,0.078344,0.086978,0.070864,rad,per-cycle geodesic RMS over 14 actual bodies
9.10,0.062020,0.082299,0.091646,0.072962,rad,per-cycle geodesic RMS over 14 actual bodies
9.12,0.065809,0.086546,0.097694,0.077075,rad,per-cycle geodesic RMS over 14 actual bodies
9.14,0.068088,0.090195,0.104745,0.082625,rad,per-cycle geodesic RMS over 14 actual bodies
9.16,0.067211,0.090319,0.111580,0.088800,rad,per-cycle geodesic RMS over 14 actual bodies
9.18,0.063274,0.084638,0.115830,0.094025,rad,per-cycle geodesic RMS over 14 actual bodies
9.20,0.058251,0.074557,0.114177,0.095749,rad,per-cycle geodesic RMS over 14 actual bodies
9.22,0.051483,0.061721,0.106632,0.092171,rad,per-cycle geodesic RMS over 14 actual bodies
9.24,0.043793,0.047980,0.097441,0.083511,rad,per-cycle geodesic RMS over 14 actual bodies
9.26,0.041251,0.039241,0.088952,0.074258,rad,per-cycle geodesic RMS over 14 actual bodies
9.28,0.042681,0.037331,0.081867,0.067377,rad,per-cycle geodesic RMS over 14 actual bodies
9.30,0.045466,0.039418,0.076033,0.062805,rad,per-cycle geodesic RMS over 14 actual bodies
9.32,0.049080,0.043505,0.071088,0.059139,rad,per-cycle geodesic RMS over 14 actual bodies
9.34,0.053417,0.048618,0.067046,0.055585,rad,per-cycle geodesic RMS over 14 actual bodies
9.36,0.057887,0.053808,0.064156,0.052254,rad,per-cycle geodesic RMS over 14 actual bodies
9.38,0.062219,0.058684,0.063182,0.049615,rad,per-cycle geodesic RMS over 14 actual bodies
9.40,0.066524,0.062936,0.063315,0.047921,rad,per-cycle geodesic RMS over 14 actual bodies
9.42,0.070662,0.066827,0.063386,0.047057,rad,per-cycle geodesic RMS over 14 actual bodies
9.44,0.074615,0.070842,0.064279,0.046872,rad,per-cycle geodesic RMS over 14 actual bodies
9.46,0.078265,0.074772,0.065093,0.047206,rad,per-cycle geodesic RMS over 14 actual bodies
9.48,0.081393,0.079014,0.067121,0.047711,rad,per-cycle geodesic RMS over 14 actual bodies
9.50,0.083850,0.083463,0.070461,0.048271,rad,per-cycle geodesic RMS over 14 actual bodies
9.52,0.085831,0.088415,0.076132,0.048911,rad,per-cycle geodesic RMS over 14 actual bodies
9.54,0.087582,0.092468,0.083341,0.049897,rad,per-cycle geodesic RMS over 14 actual bodies
9.56,0.088039,0.082973,0.078846,0.051370,rad,per-cycle geodesic RMS over 14 actual bodies
9.58,0.087662,0.078142,0.069162,0.052381,rad,per-cycle geodesic RMS over 14 actual bodies
9.60,0.081625,0.078961,0.058995,0.052963,rad,per-cycle geodesic RMS over 14 actual bodies
9.62,0.075265,0.082146,0.049637,0.054497,rad,per-cycle geodesic RMS over 14 actual bodies
9.64,0.074550,0.086610,0.045948,0.058101,rad,per-cycle geodesic RMS over 14 actual bodies
9.66,0.076142,0.087693,0.046615,0.059999,rad,per-cycle geodesic RMS over 14 actual bodies
9.68,0.078683,0.085431,0.049920,0.061821,rad,per-cycle geodesic RMS over 14 actual bodies
9.70,0.081825,0.083780,0.054856,0.063986,rad,per-cycle geodesic RMS over 14 actual bodies
9.72,0.085095,0.083113,0.060570,0.065285,rad,per-cycle geodesic RMS over 14 actual bodies
9.74,0.085778,0.083135,0.064580,0.065998,rad,per-cycle geodesic RMS over 14 actual bodies
9.76,0.081521,0.082729,0.065410,0.066224,rad,per-cycle geodesic RMS over 14 actual bodies
9.78,0.075194,0.080771,0.066279,0.064137,rad,per-cycle geodesic RMS over 14 actual bodies
9.80,0.071884,0.077780,0.066254,0.063085,rad,per-cycle geodesic RMS over 14 actual bodies
9.82,0.068936,0.073226,0.065110,0.062712,rad,per-cycle geodesic RMS over 14 actual bodies
9.84,0.065292,0.066413,0.064171,0.062370,rad,per-cycle geodesic RMS over 14 actual bodies
9.86,0.061699,0.059089,0.063381,0.063113,rad,per-cycle geodesic RMS over 14 actual bodies
9.88,0.057125,0.052749,0.062468,0.064439,rad,per-cycle geodesic RMS over 14 actual bodies
9.90,0.053544,0.048587,0.060702,0.065509,rad,per-cycle geodesic RMS over 14 actual bodies
9.92,0.052222,0.047717,0.058694,0.065701,rad,per-cycle geodesic RMS over 14 actual bodies
9.94,0.053253,0.050541,0.057576,0.065940,rad,per-cycle geodesic RMS over 14 actual bodies
9.96,0.054749,0.055163,0.055412,0.065655,rad,per-cycle geodesic RMS over 14 actual bodies
9.98,0.057998,0.060141,0.052191,0.062500,rad,per-cycle geodesic RMS over 14 actual bodies
